{"type":"FeatureCollection","name":"spain_nuts_2024_01m","source":"Eurostat GISCO NUTS 2024 01M EPSG:4326 LEVL_0, extracted NUTS_ID=ES","features":[{"type":"Feature","properties":{"NUTS_ID":"ES","LEVL_CODE":0,"CNTR_CODE":"ES","NAME_LATN":"España","NUTS_NAME":"España","MOUNT_TYPE":null,"URBN_TYPE":null,"COAST_TYPE":null},"geometry":{"type":"MultiPolygon","coordinates":[[[[4.093919270000072,40.06184796000008],[4.103460949000066,40.04643712200004],[4.10719004300006,40.04703152900004],[4.111419348000027,40.05324309800005],[4.112207141000056,40.054400127000065],[4.122570559000053,40.05571669700004],[4.127309953000065,40.06144242900007],[4.131917699000041,40.06129261700005],[4.12608109100006,40.04723505900006],[4.121363487000053,40.03587263900005],[4.12691019600004,40.02706569400004],[4.14003008800006,40.03652395000006],[4.141535426000075,40.04831468400005],[4.13970103500003,40.05491433100008],[4.137406417000022,40.06316975500005],[4.138840740000035,40.066806807000034],[4.154437957000027,40.06720422500007],[4.168908286000033,40.06077631800008],[4.164703544000076,40.053687602000025],[4.164264062000029,40.05030973500004],[4.162471481000068,40.03653194100008],[4.170340809000038,40.03449771900006],[4.169932087000063,40.027373288000035],[4.181398238000043,40.023089887000026],[4.183779860000072,40.02586704000004],[4.18904245300007,40.03200362700005],[4.193626893000044,40.03160677100004],[4.194738692000044,40.024775774000034],[4.200738938000029,40.01843198500006],[4.200564262000057,40.01541290100005],[4.19980668200003,40.002318916000036],[4.206162457000062,39.99340830700004],[4.203476189000071,40.004214008000076],[4.207530130000066,40.00847326000007],[4.222165921000055,39.998892460000036],[4.235191717000021,39.99952245900005],[4.24776597500005,40.00013062000005],[4.261980798000025,39.99683950100007],[4.257867273000045,39.99081946900003],[4.261262093000028,39.97990161700005],[4.260919425000054,39.97812087600005],[4.258321335000062,39.96461941000007],[4.277143136000063,39.94733974900004],[4.276920415000063,39.93321774000003],[4.288233227000035,39.912853677000044],[4.305081636000068,39.89555920300006],[4.306122047000031,39.894491247000076],[4.31301667300005,39.88206939300005],[4.320228338000049,39.876741253000034],[4.31049807100004,39.87384482400006],[4.30921485500005,39.87346284600005],[4.308963681000023,39.87962818600005],[4.302386852000041,39.880032724000046],[4.298559542000021,39.88284591900003],[4.289956238000059,39.88916962300004],[4.280695068000057,39.89035873000006],[4.274546825000073,39.891148146000035],[4.274874910000051,39.88836146800003],[4.274948161000054,39.88773929000007],[4.275345898000069,39.88436100500007],[4.278361615000051,39.88552604800003],[4.279253585000049,39.88587063700004],[4.29293502500002,39.88153220700008],[4.293378313000062,39.88102773300005],[4.305883563000066,39.86679641100005],[4.306883950000042,39.85769631200003],[4.306995742000026,39.85667938600005],[4.307769290000067,39.84945244800008],[4.302194308000026,39.842422433000024],[4.300936966000052,39.84118921400005],[4.299940499000058,39.84021186500007],[4.300055590000056,39.839867456000036],[4.302174620000073,39.83352624400004],[4.294295117000047,39.82197101200006],[4.287001538000027,39.81532252100004],[4.272855612000058,39.80933876100005],[4.25370285300005,39.81394504100007],[4.247137876000068,39.815523933000065],[4.245033146000026,39.816030125000054],[4.23691777800002,39.815308412000036],[4.220123041000022,39.82657241700008],[4.212483567000049,39.82838163900004],[4.207392257000038,39.826435805000074],[4.202579419000074,39.83361716700006],[4.19521859200006,39.832995442000026],[4.156406205000053,39.855128861000026],[4.098349412000061,39.878803428000026],[4.086541510000075,39.88582194900005],[4.082668695000052,39.88986907200007],[4.075851163000038,39.896993449000036],[4.054958896000073,39.90735658600005],[4.039046665000058,39.91449702600005],[4.021973265000042,39.92132346600005],[4.014028321000069,39.920896637000055],[4.011092554000072,39.92073891800004],[3.994529684000042,39.92578937500008],[3.994513864000055,39.92580280100003],[3.988295776000029,39.93108008100006],[3.982162276000054,39.929319994000025],[3.962928756000053,39.93244864400003],[3.957314870000062,39.938595503000045],[3.947313364000024,39.93403171700004],[3.937217166000039,39.93644091500005],[3.931912881000073,39.93234303100007],[3.914790591000042,39.92956603300007],[3.912366576000068,39.92717642300005],[3.910396459000026,39.925234268000054],[3.898575250000022,39.922773653000036],[3.89659335500005,39.924507995000056],[3.893633101000034,39.92709849200003],[3.887592383000026,39.92355291200005],[3.887250152000036,39.923352041000044],[3.875522429000057,39.92220145500005],[3.855307579000055,39.92174553600006],[3.843644064000046,39.92499610200008],[3.826257868000027,39.92333279500008],[3.82329052800003,39.924217088000034],[3.821050206000052,39.929174775000035],[3.822956205000025,39.93802740800004],[3.826257868000027,39.95336235900004],[3.833362737000073,39.96147620800008],[3.830204496000022,39.970949604000054],[3.83297041000003,39.97862210300008],[3.828651168000022,39.99335906700003],[3.826257868000027,39.994962660000056],[3.82432912500002,39.996254984000075],[3.809847217000026,39.997628114000065],[3.797781693000047,39.99877212900003],[3.792465294000067,40.01391370700003],[3.791629737000051,40.016293448000056],[3.79260961500006,40.01883433000006],[3.792818727000054,40.01937657000008],[3.795046887000069,40.02046597100008],[3.809914115000026,40.02773491800008],[3.808835284000054,40.02969666700005],[3.807276428000023,40.03253129700005],[3.813759153000035,40.03573284300006],[3.822308285000076,40.050107387000025],[3.826257868000027,40.052326494000056],[3.836445549000075,40.05119152300006],[3.842269152000028,40.05207910000007],[3.84448229100002,40.05241640600008],[3.867177082000069,40.055875326000034],[3.876715666000052,40.05352610500006],[3.885386683000036,40.057952139000065],[3.89781634000002,40.058807099000035],[3.904061562000038,40.05414438500003],[3.909825900000044,40.04984070200004],[3.919362158000069,40.04707665700005],[3.922143721000054,40.049473060000025],[3.921598059000075,40.05465299700006],[3.921421646000056,40.05632768000004],[3.934178762000045,40.06166547300006],[3.943276742000023,40.05733456100006],[3.95998662300002,40.06032499100007],[3.967222013000026,40.055976230000056],[3.970003202000044,40.05430462400005],[3.984166729000037,40.05227632900005],[3.992360658000052,40.05670532700003],[3.995558062000043,40.058433594000064],[4.008554667000055,40.05918320200004],[4.012397617000033,40.05728646000006],[4.015522588000067,40.05574408700005],[4.018500101000029,40.05746345100005],[4.030454959000053,40.06436677800008],[4.041456276000076,40.05812924900005],[4.050020777000043,40.05327334700007],[4.058161067000071,40.05776692200004],[4.071955457000058,40.05915077800006],[4.088244057000054,40.077072747000045],[4.08838791900007,40.07723103500007],[4.086638983000057,40.08660344400005],[4.092203452000035,40.087679724000054],[4.095621171000062,40.082429079000065],[4.094477329000028,40.06859657600006],[4.093919270000072,40.06184796000008]]],[[[4.295645032000039,39.80062527800004],[4.291102558000034,39.79864129500004],[4.286099299000057,39.80169328100004],[4.292835853000042,39.80325259700004],[4.295645032000039,39.80062527800004]]],[[[4.282048125000074,39.958441151000045],[4.276860655000064,39.95612482200005],[4.273649275000025,39.96300643600006],[4.272944255000027,39.96451721200003],[4.277235008000048,39.96637320200006],[4.282519371000035,39.958651574000044],[4.282048125000074,39.958441151000045]]],[[[4.213076542000067,40.02002248300005],[4.209948119000046,40.01736178600004],[4.205516491000026,40.02004288400008],[4.209157308000044,40.02270099000003],[4.213076542000067,40.02002248300005]]],[[[4.078122129000064,40.09116594500006],[4.074835515000075,40.09011351400005],[4.070862552000051,40.09236967900006],[4.075781106000022,40.09551469300004],[4.078122129000064,40.09116594500006]]],[[[3.177117729000031,39.953490284000054],[3.180807604000051,39.95245176800006],[3.181340649000049,39.95257764300004],[3.184843577000038,39.95340483900003],[3.21276920300005,39.95999931400007],[3.211335600000041,39.954666332000045],[3.201990199000022,39.94473730800007],[3.184843577000038,39.93981095700008],[3.181993014000057,39.938991970000075],[3.156985143000043,39.924935850000054],[3.145850186000075,39.921543745000065],[3.144848771000056,39.922475106000036],[3.140638288000048,39.92639104700004],[3.132727904000035,39.92619003500005],[3.126661170000034,39.917393480000044],[3.118376407000028,39.91366584200006],[3.111106231000065,39.910394706000034],[3.109523816000035,39.90408260800007],[3.100740940000037,39.907797250000044],[3.09830996300002,39.908825411000066],[3.085601144000066,39.90814039700007],[3.080013825000037,39.90070628800004],[3.078612494000026,39.89196388800008],[3.086764967000022,39.870902958000045],[3.098407922000035,39.86086426400004],[3.107992037000031,39.858530933000054],[3.128303366000068,39.86690923500004],[3.130481751000048,39.86780780600003],[3.132093108000049,39.867673903000025],[3.145639104000054,39.86654824000004],[3.160771240000031,39.87346037900005],[3.184843577000038,39.88445627200008],[3.193787628000052,39.892739590000076],[3.203207562000046,39.888902005000034],[3.189103532000047,39.88113294400006],[3.185098290000042,39.871001137000064],[3.185002988000065,39.87076005800003],[3.185032940000042,39.87068419600007],[3.188135808000027,39.86282526700006],[3.196123228000033,39.86208118700006],[3.193999185000052,39.85667938600005],[3.184843577000038,39.84736994900004],[3.179547255000045,39.84198464000008],[3.17180898700002,39.83789472900003],[3.144958808000069,39.83452344300008],[3.144810016000065,39.83461810800003],[3.13542209000002,39.840590915000064],[3.12746184100007,39.839511669000046],[3.119794580000075,39.83072593400004],[3.116819285000076,39.815624581000066],[3.125364926000032,39.793963043000076],[3.144903310000075,39.773849376000044],[3.177853524000056,39.75614407100005],[3.184843577000038,39.75328818200006],[3.236615526000037,39.732135991000064],[3.25212078800007,39.729849914000056],[3.259948012000052,39.73470114200006],[3.267786447000049,39.73429225900003],[3.284931917000051,39.740483992000065],[3.305783203000033,39.75304173600006],[3.308286795000072,39.754549531000066],[3.313427157000035,39.75578554800006],[3.327212809000059,39.759100355000044],[3.334993323000049,39.76881299300004],[3.334614163000026,39.770624533000046],[3.333452325000053,39.77617552800007],[3.335534161000055,39.78338114700006],[3.345209101000023,39.788393933000066],[3.36938632500005,39.77528300900008],[3.370748321000065,39.77394070200006],[3.378105676000075,39.76668970400004],[3.394063913000025,39.764460403000044],[3.403477842000029,39.76314531500003],[3.409354148000034,39.75824327600003],[3.417225586000029,39.751676889000066],[3.420691819000069,39.751640363000035],[3.42721528800007,39.75074753500007],[3.434305301000052,39.74469038700005],[3.443383384000072,39.74440672600008],[3.456665404000034,39.74399170600003],[3.460915636000038,39.73924083300005],[3.454581749000056,39.73112323700008],[3.452620196000055,39.72860928400007],[3.453610492000053,39.72226550700003],[3.462209557000051,39.72089913800005],[3.475807004000046,39.71873853900007],[3.475673444000051,39.71215946800004],[3.465063852000071,39.71019331700006],[3.462688398000068,39.709753102000036],[3.457118782000066,39.704921667000065],[3.454615686000068,39.69003694200006],[3.456447757000035,39.68798801100007],[3.456703284000071,39.68770223700005],[3.453533742000047,39.67537020000003],[3.455832814000075,39.67164608400003],[3.455591932000061,39.65762595000007],[3.452613265000025,39.65511142100007],[3.443804834000048,39.65540481000005],[3.440818943000068,39.65550426300007],[3.439130844000033,39.64766608300005],[3.436286750000022,39.63446038500007],[3.428164304000063,39.632530290000034],[3.418526351000025,39.63492912300006],[3.409476361000031,39.63718161600008],[3.403522426000052,39.635323037000035],[3.39308292100003,39.619748670000035],[3.391929384000036,39.61668874900005],[3.38564750300003,39.60002517100003],[3.387267766000036,39.58820818300006],[3.390098699000021,39.587142965000055],[3.40173743500003,39.58276356400006],[3.402847107000071,39.57984576100006],[3.396856168000056,39.57619069400005],[3.387017799000034,39.57566783000004],[3.378105676000075,39.575194192000026],[3.373240408000072,39.566970809000054],[3.373566829000026,39.56516463500003],[3.373779435000074,39.56398823300003],[3.374558183000033,39.55967921800004],[3.367458015000068,39.551393689000065],[3.352579319000029,39.54528435200007],[3.343146088000026,39.541410975000076],[3.337339765000024,39.537782923000066],[3.33654500800003,39.53344466600004],[3.325914144000023,39.52704905300004],[3.301086589000022,39.503856315000064],[3.294650495000042,39.492625134000036],[3.278376808000075,39.45417634700004],[3.27703026100005,39.439188021000064],[3.276999267000065,39.43884303300007],[3.275197604000027,39.42519091200006],[3.274052433000065,39.41651336800004],[3.270710526000073,39.41512772900006],[3.268084908000048,39.42040141500007],[3.266138934000026,39.42431000200003],[3.26216269400004,39.42460489800004],[3.259821903000045,39.416534169000045],[3.264633855000056,39.415600374000064],[3.266957738000031,39.41514940800005],[3.255353415000059,39.400879848000045],[3.245642396000051,39.37928675100005],[3.239391915000056,39.37699483500006],[3.239283859000068,39.372199],[3.232974888000058,39.36928015700005],[3.233912169000064,39.36484802100006],[3.228475130000049,39.35887443300004],[3.217109634000053,39.35845726300005],[3.215997190000053,39.35930341300008],[3.213306721000038,39.36134984500006],[3.212764755000023,39.35721034000005],[3.212407493000057,39.35448159900005],[3.206661867000037,39.35325858600004],[3.19135140700007,39.34999960400006],[3.188696333000053,39.34162550800005],[3.186969427000065,39.33617885000007],[3.184843577000038,39.33495600400005],[3.170624017000023,39.326776531000064],[3.159787665000067,39.326381870000034],[3.142121129000031,39.32573845400003],[3.138182485000073,39.31819476600003],[3.137781500000074,39.31742675800007],[3.133028201000059,39.31624159200004],[3.11808026600005,39.31251454200003],[3.111660362000066,39.30633155000004],[3.10455296300006,39.29948643400007],[3.072779880000041,39.26888586600006],[3.06218711300005,39.265155496000034],[3.050763133000032,39.26549118200006],[3.04386045800004,39.27272095600006],[3.042132079000055,39.278766242000074],[3.029201401000023,39.28446689200007],[3.029389832000049,39.28955283100004],[3.029396262000034,39.28972636900005],[3.029153611000027,39.28967756800006],[3.024480152000024,39.28873765000003],[3.018783610000071,39.29492302500006],[3.018792156000075,39.29689864000005],[3.018803350000042,39.29948643400007],[3.018821868000032,39.30376715600005],[3.012297430000046,39.31077699700006],[3.001785056000074,39.317151694000074],[2.999917513000071,39.31627383700004],[2.994992517000071,39.31395879300004],[2.986983703000021,39.31637517000007],[2.984429728000066,39.323053763000075],[2.988247608000052,39.32559229300006],[2.988525526000046,39.32796793800003],[2.989675584000054,39.337798640000074],[2.975327820000075,39.35194708200004],[2.957845237000072,39.362091735000035],[2.951645946000042,39.360573257000055],[2.930774289000055,39.36406714000003],[2.916913855000075,39.35986511100003],[2.916716328000064,39.359587255000065],[2.914757246000022,39.35683146800005],[2.911933386000044,39.35285922400004],[2.896754408000049,39.359742922000066],[2.883772107000027,39.36563042200004],[2.873923884000021,39.36324261900006],[2.86434913100004,39.36399243300008],[2.844651180000028,39.36553501000003],[2.834511841000051,39.36022829900003],[2.827327773000036,39.35646831400004],[2.817047269000057,39.359054866000065],[2.806656783000051,39.36648816700006],[2.790413457000056,39.36256951900003],[2.78518796000003,39.36778688100003],[2.769897087000061,39.383960401000024],[2.762013436000075,39.38840344000005],[2.751323575000072,39.39442799300008],[2.741018763000056,39.408278116000076],[2.739512208000065,39.41614421700007],[2.742239669000071,39.42464270700003],[2.742415607000055,39.42519091200006],[2.746769305000043,39.438756590000025],[2.742471119000072,39.45024675900004],[2.733875031000025,39.46112132600007],[2.733054977000052,39.46215874300003],[2.722909708000032,39.474993116000064],[2.732764466000049,39.48280174900003],[2.733054977000052,39.483031942000025],[2.734674992000066,39.484315597000034],[2.737685439000074,39.49221875400008],[2.751244493000058,39.50377287600003],[2.745159300000068,39.514675742000065],[2.733054977000052,39.52580632100006],[2.731703526000047,39.52704905300004],[2.720744500000023,39.534149866000064],[2.710786064000047,39.534102966000034],[2.686612388000071,39.55343899500008],[2.649932288000059,39.56516463500003],[2.64147104500006,39.56764181300008],[2.631048949000046,39.56621606200008],[2.629558989000031,39.56516463500003],[2.626896883000029,39.55703763300005],[2.623260105000043,39.54593510500007],[2.61047510100002,39.550095362000036],[2.605106515000045,39.55184230700007],[2.597305016000064,39.548286510000025],[2.592587582000021,39.54253345400008],[2.586266724000041,39.534824972000024],[2.567351294000048,39.53186487000005],[2.561575224000023,39.53096096500008],[2.540892159000066,39.52095234800004],[2.541392158000065,39.51116174100008],[2.535969793000049,39.50388464400004],[2.534468611000023,39.489257070000065],[2.523448951000034,39.474523228000066],[2.522775727000067,39.47265343200007],[2.518448239000065,39.460634378000066],[2.504729443000031,39.46228231600003],[2.492440652000028,39.47050977600003],[2.481775081000023,39.472382254000024],[2.476939872000059,39.488133032000064],[2.476717601000075,39.48885708500006],[2.476589842000067,39.48891682000004],[2.466789,39.49349932300004],[2.460643245000028,39.50224583100004],[2.462241741000071,39.510460515000034],[2.465928151000071,39.512790487000075],[2.466789,39.51333458100004],[2.472862951000025,39.517173581000065],[2.466789,39.52301446400003],[2.455930187000035,39.53345660600007],[2.446924740000043,39.535049214000026],[2.432569458000046,39.52865981100007],[2.421804278000025,39.52386833000003],[2.419929395000054,39.53079178000007],[2.419446349000054,39.532575543000064],[2.415004638000028,39.535817948000044],[2.408857815000033,39.532659197000044],[2.393362871000022,39.52469660000003],[2.382654798000033,39.53235573100005],[2.371638483000027,39.53422905100007],[2.376966952000032,39.54401030100007],[2.377352226000028,39.54471753200005],[2.375763379000034,39.54598349500003],[2.351690087000065,39.56516463500003],[2.347771359000035,39.589330645000075],[2.355673624000076,39.60238280000004],[2.363797976000058,39.60930868400004],[2.384634272000028,39.616002845000025],[2.386769222000055,39.61668874900005],[2.399050502000023,39.62063440600008],[2.419523071000071,39.63300087600004],[2.43656474200003,39.643294910000066],[2.452787650000062,39.64920757800007],[2.461480024000025,39.652375636000045],[2.466676660000076,39.657010213000035],[2.466789,39.65711040200006],[2.482079940000062,39.67074749900007],[2.48744025000002,39.67157760200007],[2.497792142000037,39.68410791400004],[2.51619421700002,39.691118076000066],[2.52727279800007,39.70084641600005],[2.540554378000024,39.700578531000076],[2.555570788000068,39.70027565500004],[2.586911092000037,39.71758313700008],[2.593283424000049,39.725067300000035],[2.600100722000036,39.733074067000075],[2.615460668000026,39.74369459800005],[2.634605951000026,39.76430222100004],[2.639037398000028,39.762368958000025],[2.641098954000029,39.761469584000054],[2.661987055000054,39.77222790400003],[2.667161702000044,39.78529774700007],[2.670171645000039,39.79290009700003],[2.68047013000006,39.798131811000076],[2.682304903000045,39.79652765900005],[2.685317214000065,39.793893979000075],[2.694154666000031,39.79199705000008],[2.694907216000047,39.79605379900005],[2.690022821000071,39.79687206400007],[2.694649757000036,39.803264194000064],[2.699062083000058,39.80935984000007],[2.705239163000044,39.80974099500003],[2.71361874300004,39.817049636000036],[2.727465703000064,39.82344045800005],[2.732665390000022,39.82667119000007],[2.740671263000024,39.83056252800003],[2.743984074000025,39.83018572200007],[2.75097640000007,39.82939040200006],[2.762013436000075,39.83339014000006],[2.766429018000053,39.84091661600007],[2.773400331000062,39.84215519300005],[2.774270653000031,39.84671298100005],[2.775183970000057,39.85149592700003],[2.779470494000066,39.85499622200007],[2.792804127000068,39.85580470200006],[2.79714498200002,39.854195376000064],[2.800965677000022,39.85277889400004],[2.802449310000043,39.855485703000056],[2.805398694000075,39.86086669500003],[2.815754437000066,39.85872229900008],[2.820026693000045,39.85783763000006],[2.836649019000049,39.863805101000025],[2.836959347000061,39.863916510000024],[2.837041591000059,39.86390059800004],[2.843313426000066,39.86268716200004],[2.846921884000039,39.866339254000025],[2.854611183000031,39.87412153300005],[2.86434913100004,39.87641217200007],[2.87169616500006,39.877730661000044],[2.874149855000041,39.87817099700004],[2.876511268000058,39.879944683000076],[2.895912807000059,39.894517413000074],[2.912293333000036,39.89639755300004],[2.914757246000022,39.89668035900007],[2.924680645000024,39.90021156100005],[2.935197240000036,39.904500092000035],[2.939925064000022,39.90910283800008],[2.949398161000033,39.91832531700004],[2.963238010000055,39.91216285300004],[2.967477620000068,39.910275083000045],[2.984064592000038,39.909703885000056],[2.991694841000026,39.91545320100005],[3.00246603100004,39.923569185000076],[3.029065024000033,39.933829401000025],[3.040430334000064,39.93014590300004],[3.058228285000041,39.932202913000026],[3.057577386000048,39.92869957100004],[3.056521660000044,39.92301732200008],[3.061597686000027,39.92114345600004],[3.079665402000046,39.92513890600003],[3.085456492000048,39.928545847000066],[3.096465028000068,39.93502224900004],[3.100891155000056,39.93017159000004],[3.104508404000057,39.93059824900007],[3.121744679000074,39.93263128600006],[3.130107623000072,39.94059208200008],[3.135024903000044,39.945272905000024],[3.156382234000034,39.95712398500007],[3.175605130000065,39.96078064000005],[3.178103416000056,39.95870980700005],[3.177220183000031,39.95403281200004],[3.177117729000031,39.953490284000054]]],[[[-7.699736359999974,43.735114829000054],[-7.685835495999982,43.73031265800006],[-7.675289495999948,43.73473948700007],[-7.674859181999977,43.73933608700003],[-7.674536706999959,43.74278076000007],[-7.67118962099994,43.74710003600006],[-7.651725263999936,43.743783877000055],[-7.647391426999945,43.75072669000008],[-7.637322935999975,43.75222189400006],[-7.631337633999976,43.747660919000054],[-7.630899194999927,43.743323994000036],[-7.633310972999936,43.74020082900006],[-7.63446493899994,43.73870648500008],[-7.630768739999951,43.73448641900006],[-7.627223605999973,43.720516485000076],[-7.613567935999981,43.715663197000026],[-7.613507526999967,43.71564172700005],[-7.607075044999931,43.716918657000065],[-7.610695030999977,43.70908943900008],[-7.612793394999926,43.70455115000004],[-7.610053606999941,43.69957548700006],[-7.608832923999955,43.700610866000034],[-7.606811826999945,43.70232515300006],[-7.604468728999962,43.70065843800006],[-7.606339139999932,43.69426170000003],[-7.607246958999951,43.693389626000055],[-7.611647146999928,43.68916269700003],[-7.613329763999957,43.68754633400005],[-7.613328856999942,43.680176145000075],[-7.609231911999927,43.67430656400006],[-7.600098670999955,43.673182559000054],[-7.594805624999935,43.67612641300008],[-7.594159708999939,43.68521039600006],[-7.582436104999942,43.68916269700003],[-7.579504580999981,43.69394168600007],[-7.580926450999925,43.69806323200004],[-7.584699837999949,43.70900107400007],[-7.572917892999953,43.71127279400008],[-7.565828436999936,43.710827066000036],[-7.561161140999957,43.71053362400005],[-7.552487808999956,43.71679906300005],[-7.552562737999949,43.72204186400006],[-7.552673442999946,43.72978791200006],[-7.543412967999927,43.73184394100008],[-7.533311148999928,43.72991194400004],[-7.524807994999946,43.735057235000056],[-7.515325334999943,43.726254105000066],[-7.512957831999927,43.724056258000076],[-7.501780227999973,43.72348668300003],[-7.495567839999978,43.72538358200006],[-7.49078667699996,43.72684346900007],[-7.470437283999956,43.72358698100004],[-7.47020701799994,43.719386780000036],[-7.47446481399993,43.71553336000005],[-7.479182720999972,43.71126352700003],[-7.472135936999962,43.70485314900003],[-7.457978801999957,43.70125021500007],[-7.442123220999974,43.69721503300008],[-7.436782795999932,43.70059007000003],[-7.435997993999933,43.694612964000044],[-7.427844775999972,43.69383646000006],[-7.40929592599997,43.68916269700003],[-7.394968609999978,43.680289935000076],[-7.375941789999956,43.67506365400004],[-7.36774952199994,43.675484822000044],[-7.357922541999926,43.670295012000054],[-7.356043214999943,43.663398303000065],[-7.353948687999946,43.655711859000064],[-7.343280292999964,43.64234568100005],[-7.340560865999976,43.639646568000046],[-7.336063408999962,43.63699097600005],[-7.332838860999971,43.62871535000005],[-7.323543234999931,43.62620659400005],[-7.318682240999976,43.622592517000044],[-7.310754082999949,43.616698049000036],[-7.307977817999927,43.610901109000054],[-7.307763467999962,43.61045353800006],[-7.306248941999968,43.60729115700008],[-7.302640052999948,43.605071183000064],[-7.29799411099998,43.60221327600004],[-7.294620461999955,43.59677718200004],[-7.294202065999968,43.59610300400004],[-7.29571987099996,43.59338634000005],[-7.283017216999951,43.590835655000035],[-7.282086414999981,43.59064875000007],[-7.247187073999953,43.57542453600007],[-7.253535449999958,43.56810960900003],[-7.26159550899996,43.55882239400006],[-7.253735498999959,43.55619000100006],[-7.261542952999946,43.55071656800004],[-7.254759265999951,43.547911518000035],[-7.244040921999954,43.55228445700004],[-7.243790796999974,43.559971433000044],[-7.24360588899998,43.56565411300005],[-7.235125056999948,43.568085472000064],[-7.210463664999963,43.563227905000076],[-7.20268720699994,43.56169617200004],[-7.200166841999931,43.561723165000046],[-7.177886275999981,43.561961790000055],[-7.173401910999928,43.55781183600004],[-7.172377824999955,43.55686411900007],[-7.163662150999926,43.55489761600006],[-7.120997282999951,43.55435716900007],[-7.119655248999948,43.55578828400007],[-7.114155669999946,43.56165291100007],[-7.094091851999963,43.55616211500006],[-7.090433770999937,43.55516102100006],[-7.085852803999956,43.55628260100008],[-7.083500848999961,43.55685844100003],[-7.081940496999948,43.55633981300008],[-7.07481076199997,43.55397004100007],[-7.063891475999981,43.55660375600007],[-7.057813144999955,43.558069841000076],[-7.042915242999925,43.55484128300003],[-7.031836889999965,43.54447142200007],[-7.022098439999979,43.54934997700008],[-7.023710610999956,43.55200043600007],[-7.025943713999936,43.55567172900004],[-7.021287221999955,43.55909816500008],[-7.010674750999954,43.55700653100007],[-6.996951785999954,43.554301844000065],[-6.958014434999939,43.56254021500007],[-6.949300646999973,43.568005183000025],[-6.947799472999975,43.570429345000036],[-6.94530438299995,43.57445852800004],[-6.940071691999947,43.57212604400007],[-6.934918818999961,43.569829138000046],[-6.930933744999948,43.571547114000055],[-6.926287070999933,43.57355030700006],[-6.917035275999979,43.57242512900007],[-6.91434555799998,43.57049617700005],[-6.909114545999955,43.56674471800005],[-6.901764414999946,43.56969910500004],[-6.900557450999941,43.570184245000064],[-6.89115137899995,43.56940874600008],[-6.890124607999951,43.56896167100007],[-6.877309873999934,43.56338190200006],[-6.86830318799997,43.567579186000046],[-6.867852746999972,43.56778910000003],[-6.863511715999948,43.567604979000066],[-6.855204330999925,43.56725262900005],[-6.854590498999926,43.56671042600004],[-6.851050762999932,43.56358374400003],[-6.839306639999961,43.56574212400005],[-6.83340327999997,43.56682706700008],[-6.821785447999957,43.562897459000055],[-6.81920288699996,43.560346708000054],[-6.814394093999965,43.55559714800006],[-6.806806609999967,43.55612455900007],[-6.805535445999965,43.556212919000075],[-6.801958020999962,43.55646158800005],[-6.785231137999972,43.556620172000066],[-6.781830337999963,43.55911259800007],[-6.78172124699995,43.563383825000074],[-6.781688497999937,43.564666018000025],[-6.766039049999961,43.56830368400006],[-6.763089856999954,43.56531916100005],[-6.760311071999979,43.56250708700003],[-6.754962981999938,43.56386159700003],[-6.748159354999927,43.565584751000074],[-6.733902098999977,43.56338872200007],[-6.728445251999972,43.55910561400003],[-6.724847939999961,43.55628206500006],[-6.720511749999957,43.55819877500005],[-6.71065344699997,43.56255640400008],[-6.700432555999953,43.56326753600007],[-6.694056581999973,43.561762775000034],[-6.693918072999963,43.56173008600007],[-6.682561046999979,43.55904977200004],[-6.664488804999962,43.56563792900005],[-6.662831278999931,43.566242173000035],[-6.625658851999958,43.57130075600003],[-6.620298498999944,43.56617835900005],[-6.616664682999954,43.56270585400006],[-6.610528872999964,43.561407573000054],[-6.609479969999938,43.56182038800006],[-6.60357873199996,43.564142927000034],[-6.602793948999931,43.55912709300003],[-6.602490555999964,43.55718799600004],[-6.595579441999973,43.55369342600005],[-6.58911427299995,43.55484298500005],[-6.575509882999938,43.55726195600005],[-6.560758032999956,43.55571564200005],[-6.553722121999954,43.55220236000008],[-6.543732874999932,43.55360111600004],[-6.539072655999973,43.54903720400006],[-6.536513914999944,43.54653134200004],[-6.530238438999959,43.548512595000034],[-6.52502170799994,43.55015958800004],[-6.520593549999944,43.549113860000034],[-6.51430015699998,43.54762764900005],[-6.511773150999943,43.54831135000006],[-6.505278131999944,43.55006862700003],[-6.499883863999969,43.551528088000055],[-6.496563312999967,43.55061191200008],[-6.491579801999933,43.54923690600003],[-6.485621356999957,43.55129403600006],[-6.481967835999967,43.552555400000074],[-6.478696755999977,43.55172571800006],[-6.474265608999929,43.550601794000045],[-6.474361696999949,43.55612840200007],[-6.474451638999938,43.56130153600003],[-6.469969006999975,43.56984464100003],[-6.461384262999957,43.56857822600006],[-6.459070035999957,43.56531406400006],[-6.458746572999928,43.56485782800007],[-6.455948211999953,43.56416015700006],[-6.445720708999943,43.56161029400005],[-6.437790671999949,43.55744865500003],[-6.429155676999926,43.55291705800005],[-6.422188333999941,43.55358011100003],[-6.420859061999977,43.554476917000045],[-6.415739309999935,43.55793101000006],[-6.389689445999977,43.558574633000035],[-6.372811704999947,43.55558060900006],[-6.36918232599993,43.55224731800007],[-6.368937544999937,43.55202250600007],[-6.353637506999974,43.55119945100006],[-6.344632998999941,43.55408098800007],[-6.340561868999941,43.55638163100008],[-6.33376299899993,43.56022375100008],[-6.321358077999946,43.561544886000036],[-6.304527462999943,43.56333736200003],[-6.297081456999933,43.56807205600006],[-6.294580513999961,43.569662331000075],[-6.290162278999958,43.569932391000066],[-6.284896019999962,43.57025428500003],[-6.279037034999931,43.57292359600007],[-6.26859942699997,43.57767889400003],[-6.261399322999978,43.57766578500008],[-6.256635374999973,43.577657112000054],[-6.246748145999959,43.58424120400008],[-6.245820942999956,43.58762206000006],[-6.244026345999941,43.59416569000007],[-6.237427829999945,43.59153002000005],[-6.228017732999945,43.58777130800007],[-6.224375425999938,43.58426301900005],[-6.219498752999925,43.57956578400007],[-6.215400077999959,43.58011696300008],[-6.208618728999966,43.58102890200007],[-6.203725813999938,43.57472417500003],[-6.202416716999949,43.57303734800007],[-6.200806522999926,43.57337564300008],[-6.196531094999955,43.574273893000054],[-6.192866292999952,43.579459618000044],[-6.190114108999978,43.57869881900007],[-6.191286896999941,43.56897816400004],[-6.191461538999931,43.56753064500003],[-6.186469470999953,43.563554500000066],[-6.180746627999952,43.56521866300005],[-6.169263748999981,43.56855780500007],[-6.154343160999929,43.567599675000054],[-6.137317792999966,43.56428994000004],[-6.132181790999937,43.55917676300004],[-6.131797444999961,43.55879412500008],[-6.130592113999967,43.55897899300004],[-6.124228461999962,43.559955020000075],[-6.122899304999976,43.55802193900007],[-6.121293855999966,43.55568702700003],[-6.108176759999935,43.55666836100005],[-6.103457768999931,43.55950164800004],[-6.102941058999932,43.55981188100003],[-6.102364503999979,43.559705088000044],[-6.094117055999959,43.558177442000044],[-6.085028163999937,43.56293111600007],[-6.082231170999933,43.564394],[-6.076502070999936,43.56451769200004],[-6.076495077999937,43.56451784300003],[-6.064773185999968,43.56572567500007],[-6.053436904999955,43.57105260700007],[-6.037946232999957,43.57774626200006],[-6.037152685999956,43.57980475200003],[-6.035833798999931,43.58322599100006],[-6.029084072999979,43.58556125500007],[-6.019734128999971,43.586371685000074],[-6.014871434999975,43.58110368300004],[-6.000399921999929,43.57863014800006],[-5.998359963999974,43.576245347000054],[-5.996706230999962,43.57431206100006],[-5.991225176999933,43.57662664800006],[-5.985357520999969,43.579104492000056],[-5.970934641999975,43.57914721000003],[-5.958598777999953,43.57918374700006],[-5.947796489999973,43.584132553000074],[-5.944263101999979,43.588244323000026],[-5.940197334999937,43.592975617000036],[-5.937503352999954,43.59258808700008],[-5.932338805999962,43.59184516700003],[-5.929552244999968,43.588679581000065],[-5.930120296999974,43.59185319100004],[-5.936213512999927,43.59341692900006],[-5.939062369999931,43.59414804800008],[-5.944406714999957,43.595194768000056],[-5.945085025999958,43.59776426800005],[-5.934729589999961,43.600445645000036],[-5.926927957999965,43.599383758000045],[-5.925921159999973,43.59924672200003],[-5.914703775999953,43.60672230000006],[-5.913694899999939,43.61045353800006],[-5.912123906999966,43.61626371400007],[-5.913138248999928,43.617491560000076],[-5.915475527999945,43.62032080200004],[-5.913563633999956,43.62359035900005],[-5.905548540999973,43.62347351500006],[-5.905210367999928,43.62346858500007],[-5.905124269999931,43.623525683000025],[-5.90050881999997,43.62658651700008],[-5.892160884999953,43.62511963900005],[-5.882427637999967,43.623409337000055],[-5.864980651999929,43.634762376000026],[-5.859988873999953,43.63569616700005],[-5.857977025999958,43.639646568000046],[-5.858480074999932,43.64236366400007],[-5.859054857999979,43.64546821700003],[-5.860157665999964,43.65142477900008],[-5.850975232999929,43.65814287400008],[-5.842437941999947,43.657354256000076],[-5.83371468699994,43.64593151500003],[-5.830990009999937,43.64236366400007],[-5.82891503299993,43.639646568000046],[-5.82580891799995,43.639646568000046],[-5.824577764999958,43.640721608000035],[-5.822697255999969,43.64236366400007],[-5.820982612999956,43.64386088600003],[-5.818549810999968,43.64236366400007],[-5.815372963999948,43.64040853300003],[-5.811551612999949,43.641754786000035],[-5.810783477999962,43.639646568000046],[-5.809880953999937,43.636683781000045],[-5.808786746999942,43.63309174400007],[-5.802163624999935,43.63456350900003],[-5.79743934499993,43.63561332100005],[-5.795017124999958,43.632600068000045],[-5.793036324999946,43.630135944000074],[-5.78758249699996,43.62946642900005],[-5.782424900999956,43.62883327900005],[-5.782696165999937,43.623292236000054],[-5.787163477999968,43.61809735700007],[-5.790555840999957,43.61415249700008],[-5.784059727999932,43.61148484600005],[-5.781548346999955,43.61045353800006],[-5.769615674999955,43.60555334600008],[-5.77088406799993,43.60057450900007],[-5.766723658999979,43.59760686800007],[-5.762175160999959,43.59436240100007],[-5.75884780399997,43.58839820800006],[-5.756745429999967,43.584629763000066],[-5.748097301999962,43.58391175600008],[-5.746778365999944,43.583802252000055],[-5.746301844999948,43.58340046400008],[-5.735508244999949,43.57429961300005],[-5.712845331999972,43.569599362000076],[-5.708653610999932,43.57259336300007],[-5.70838966499997,43.57260420600005],[-5.698542654999926,43.57300872600007],[-5.699318840999979,43.56755911800008],[-5.700422855999932,43.559807824000075],[-5.696252787999981,43.55188026700006],[-5.690582258999939,43.55294443900004],[-5.690378776999978,43.55298262600007],[-5.690473509999947,43.55276252200008],[-5.693339847999937,43.54610283000005],[-5.691566046999981,43.54364641300003],[-5.67180536199993,43.543034298000066],[-5.664202435999925,43.54731792100006],[-5.663146452999968,43.54791288100006],[-5.662377837999941,43.547624281000026],[-5.650300155999957,43.54308935100005],[-5.638493813999958,43.55072558100005],[-5.626905803999932,43.55131498800006],[-5.621396870999945,43.55450521100005],[-5.618614638999929,43.55611640200004],[-5.615420797999946,43.55434676800007],[-5.607583225999974,43.55000414700004],[-5.591584973999943,43.54796153500007],[-5.548840233999954,43.55000794500006],[-5.530797071999928,43.546481293000056],[-5.524116388999971,43.549315515000046],[-5.516762738999944,43.552435238000044],[-5.508732283999962,43.549478057000044],[-5.498528734999979,43.550124322000045],[-5.49448571399995,43.54768274200006],[-5.491333237999925,43.54577896200004],[-5.484522923999975,43.54774766100007],[-5.467987512999969,43.55252765300003],[-5.438922487999946,43.551936960000035],[-5.43091336599997,43.55177418900007],[-5.422079495999981,43.55348432100004],[-5.40999957799994,43.55582284800005],[-5.399156181999956,43.55230387200004],[-5.398121163999974,43.54708412800005],[-5.397496832999934,43.54393553400007],[-5.383057731999941,43.53586222400003],[-5.377834374999964,43.53743934000005],[-5.371795392999957,43.539262723000036],[-5.368665164999925,43.53791030300005],[-5.36630912399994,43.53689237200007],[-5.356874600999959,43.53281617300007],[-5.345580135999967,43.53525333600004],[-5.329275988999939,43.53427794000004],[-5.311885977999964,43.53394747400006],[-5.309901489999959,43.53421536500008],[-5.296373025999969,43.53604160300006],[-5.267272711999965,43.51977737500005],[-5.267221345999928,43.51500931700008],[-5.267139027999974,43.50736808900007],[-5.249121661999936,43.50079535400005],[-5.241882500999964,43.49348498300003],[-5.230262851999953,43.487950124000065],[-5.225145852999958,43.48551271300005],[-5.22450092899993,43.48373152800008],[-5.22301710399995,43.47963342000003],[-5.214871990999939,43.47370870300006],[-5.196720619999951,43.47668053800004],[-5.19133033199995,43.47756306400004],[-5.188112213999943,43.47738373400006],[-5.168377273999965,43.476284005000025],[-5.147489855999936,43.47778457000004],[-5.131212692999952,43.48203169200008],[-5.122921659999975,43.48419503200006],[-5.119375140999978,43.48111151000006],[-5.114554908999935,43.476920559000064],[-5.097912616999963,43.475842716000045],[-5.083767619999946,43.47492661100006],[-5.077946175999955,43.470941192000055],[-5.071018037999977,43.46619811900007],[-5.065371155999969,43.46785417400008],[-5.061984697999947,43.46884731700004],[-5.056085644999939,43.465574692000075],[-5.05164556099993,43.46311146000005],[-5.037079510999945,43.460922131000075],[-4.981155679999972,43.45951860400004],[-4.976166210999963,43.46102752100006],[-4.973486126999944,43.46183803300005],[-4.96130491599996,43.460944579000056],[-4.937844856999959,43.45922385600005],[-4.933324180999932,43.46078841600007],[-4.928319606999935,43.46252044800008],[-4.927281251999943,43.46041701400003],[-4.926486125999929,43.45880629900006],[-4.913858068999957,43.45375122200005],[-4.882176509999965,43.446604197000056],[-4.872586892999948,43.44169922200007],[-4.851230428999941,43.44177166900005],[-4.849550583999928,43.44284374400007],[-4.843649453999944,43.44660983700004],[-4.837772912999981,43.44018106000004],[-4.835022359999925,43.43717202900007],[-4.813880421999954,43.43477947000008],[-4.792713611999943,43.43238409600008],[-4.768158786999948,43.42943368700003],[-4.75427407799998,43.42474149200007],[-4.745554542999969,43.41933242500005],[-4.738367707999942,43.41487415100005],[-4.729484259999936,43.41569927200004],[-4.723719043999949,43.416234762000045],[-4.715135561999944,43.412455333000025],[-4.710858264999956,43.410571978000064],[-4.70098330299993,43.410271754000064],[-4.677770129999942,43.40956601400006],[-4.67137047999995,43.407593019000046],[-4.656421959999932,43.40298442900007],[-4.626342229999977,43.39819910500006],[-4.582704951999972,43.39957245700003],[-4.581427284999961,43.39961266800003],[-4.581297837999955,43.39944517200007],[-4.577759728999979,43.394867066000074],[-4.562176919999956,43.39120976000004],[-4.557200085999966,43.39726532200007],[-4.556703751999976,43.397869237000066],[-4.549430152999946,43.39698640200004],[-4.545367098999975,43.400250405000065],[-4.537197849999927,43.40052663200004],[-4.512301089999937,43.39320382100004],[-4.494301919999941,43.39714546400006],[-4.486631910999961,43.39347114800006],[-4.475863145999938,43.39438767200005],[-4.47427851599997,43.39294487500007],[-4.471308849999957,43.39024101000007],[-4.459925681999948,43.39284712800003],[-4.443301980999934,43.39665303900006],[-4.431054634999953,43.39322306500003],[-4.429159944999981,43.396676151000065],[-4.415064309999934,43.39789466800005],[-4.382326880999926,43.392318655000054],[-4.375495150999939,43.39115503900007],[-4.359292505999974,43.39852793700004],[-4.34371508199996,43.40561633300007],[-4.339307371999951,43.40408168000005],[-4.338346736999938,43.39853005400005],[-4.337972478999973,43.396367174000034],[-4.333285216999968,43.39203665400004],[-4.320101971999975,43.38940790100003],[-4.295602293999934,43.39203082500006],[-4.292491255999948,43.39236389100006],[-4.292409367999937,43.392326712000056],[-4.280990137999936,43.387142132000065],[-4.26424936799998,43.39386398500005],[-4.254115547999959,43.39587538600006],[-4.23206614299994,43.40025183800003],[-4.228055049999966,43.39829040200004],[-4.222365027999956,43.395507964000046],[-4.211352804999933,43.39983819200006],[-4.209282916999939,43.400652114000025],[-4.206249938999974,43.40031107300007],[-4.20019595499997,43.399630337000076],[-4.192441394999946,43.40159070500005],[-4.181138389999944,43.40444812800007],[-4.177170193999928,43.40300588200006],[-4.173794905999955,43.40177912900003],[-4.154810827999938,43.40924675500003],[-4.148003777999975,43.41192439400004],[-4.146957438999948,43.41204576900003],[-4.132358719999957,43.41373922100007],[-4.097825453999974,43.42647554700005],[-4.093951497999967,43.430937534000066],[-4.092735939999955,43.432337602000075],[-4.083512937999956,43.43665310200004],[-4.080742142999952,43.43475390900005],[-4.075495269999976,43.43115753100005],[-4.056247198999927,43.433760224000025],[-4.04860086399998,43.43807800500008],[-4.047676944999978,43.440672352000036],[-4.046671390999961,43.443495932000076],[-4.043307681999977,43.44170924600007],[-4.043249132999961,43.44146490000003],[-4.042086726999969,43.436613746000035],[-4.035312661999967,43.43519994600007],[-4.031943541999965,43.43973820200006],[-4.021589199999937,43.44534187900007],[-4.017234108999958,43.44769881600007],[-4.012539888999925,43.44539101700008],[-4.001179979999961,43.43980619300004],[-3.989688067999964,43.44400312200003],[-3.986625535999963,43.44512158100008],[-3.985003501999927,43.44371860700005],[-3.98207918199995,43.44118922400003],[-3.95882218099996,43.45438921500005],[-3.951776828999925,43.46134335600004],[-3.944391605999954,43.468632968000065],[-3.937269224999966,43.46876445100003],[-3.932971691999967,43.46884378500005],[-3.928632784999934,43.470308189000036],[-3.916272508999953,43.474479847000055],[-3.894435212999952,43.47669999500005],[-3.894048357999964,43.47649005400007],[-3.889511711999944,43.47402807700007],[-3.881742795999969,43.47472748000007],[-3.875626284999953,43.47784891800006],[-3.862592714999948,43.47719314600005],[-3.846633319999967,43.482022044000075],[-3.836645727999951,43.48205362900006],[-3.825743049999971,43.488699428000075],[-3.824028399999975,43.489744604000066],[-3.81142886899994,43.49335434300008],[-3.785465694999971,43.48809285400006],[-3.784191754999938,43.47991999000004],[-3.783700748999934,43.47676997900004],[-3.781653461999952,43.47464488700007],[-3.775594971999965,43.46835615200007],[-3.787340742999959,43.464725317000045],[-3.799667047999947,43.460915028000045],[-3.815376377999939,43.45018060500007],[-3.824931732999971,43.44815323800003],[-3.830330684999979,43.44136789300006],[-3.830431775999955,43.434993949000045],[-3.831134068999972,43.43187861800004],[-3.825668463999932,43.43105647400006],[-3.819755024999949,43.43016696700005],[-3.80690988899994,43.42395497500007],[-3.814715278999927,43.41818795200004],[-3.822013210999955,43.41279586500008],[-3.814484137999955,43.402050075000034],[-3.811542691999932,43.40711263000003],[-3.806230392999964,43.416255686000056],[-3.798142888999962,43.41478946700005],[-3.790760334999959,43.41753734800005],[-3.780224192999981,43.421459036000044],[-3.785378262999927,43.42672554600006],[-3.789356679999969,43.43079075600008],[-3.783243120999941,43.43265991800007],[-3.779089281999973,43.43392991400003],[-3.775183646999949,43.44009781300008],[-3.77029684699994,43.44781519800006],[-3.756107117999932,43.44694230300007],[-3.755466763999948,43.44195166000003],[-3.758002350999959,43.43851473800004],[-3.761455245999969,43.43383443000005],[-3.755683476999934,43.43050164500005],[-3.748136921999958,43.431389943000056],[-3.742557258999966,43.43221256100003],[-3.74857177399997,43.437520507000045],[-3.747751436999977,43.449556819000065],[-3.749434621999967,43.45184481600006],[-3.753049813999951,43.456759040000065],[-3.74543747599995,43.45846596800004],[-3.731327637999925,43.46162984100005],[-3.720325901999956,43.47225208400005],[-3.717177201999959,43.47529217300007],[-3.70446136299995,43.47850544900007],[-3.703646312999979,43.478458997000075],[-3.685533675999977,43.47742670700006],[-3.655162111999971,43.492461879000075],[-3.653295990999936,43.49335610800006],[-3.643282305999946,43.49815457700004],[-3.636700360999953,43.498266244000035],[-3.612829099999942,43.498671235000074],[-3.604057993999959,43.50792411600003],[-3.603942480999933,43.50804597300004],[-3.59430520799998,43.51318196100004],[-3.583008107999945,43.51244673400004],[-3.582090467999933,43.51122100200007],[-3.578501958999937,43.506427673000076],[-3.557987761999925,43.50772239200006],[-3.548578997999925,43.50831621100008],[-3.541737625999929,43.50210887500003],[-3.542090239999936,43.49803106100006],[-3.542508457999929,43.49319457400003],[-3.530707088999975,43.49100028200007],[-3.525186041999973,43.49216822000005],[-3.516893333999974,43.49392248400005],[-3.514050364999946,43.491962296000054],[-3.513924070999963,43.48749163000008],[-3.513742458999957,43.48106277200003],[-3.509573559999978,43.47735461600007],[-3.49637162099998,43.47180676500005],[-3.475542508999979,43.46884887700003],[-3.471925226999929,43.46843285600005],[-3.435104318999947,43.464198114000055],[-3.426558051999962,43.45511144300008],[-3.426914636999925,43.44376998700005],[-3.437402826999971,43.43773426700005],[-3.459063322999953,43.43934716700005],[-3.460679272999926,43.440800015000036],[-3.464915917999974,43.44460904400006],[-3.465524857999981,43.43561181100006],[-3.482990039999947,43.43229063800004],[-3.491435499999966,43.423166501000026],[-3.482257759999925,43.43092494700005],[-3.462075886999969,43.43152521800005],[-3.462718879999954,43.40371347400003],[-3.460235662999935,43.40335460600005],[-3.455570871999953,43.42500514200003],[-3.454513279999958,43.42991370500005],[-3.450836841999944,43.435003848000065],[-3.440387750999946,43.42539052400008],[-3.428614373999949,43.41455883700007],[-3.419290036999939,43.41367583600004],[-3.416642746999969,43.41538916500008],[-3.412531823999927,43.41804975800005],[-3.406920523999929,43.41566690700006],[-3.385347174999936,43.415371665000066],[-3.382223093999926,43.41532891000003],[-3.381912795999938,43.41536974400003],[-3.372824981999941,43.41656567100006],[-3.370320115999959,43.41536326200003],[-3.363335304999964,43.412010347000034],[-3.348051826999949,43.415350810000064],[-3.345426968999959,43.415924517000064],[-3.34147053099997,43.41534713000004],[-3.336213995999969,43.414580011000055],[-3.33452177199996,43.41470468800003],[-3.328015639999933,43.41518403600003],[-3.32645369599993,43.41039373600006],[-3.325110838999933,43.406275348000065],[-3.319083866999961,43.40313800200005],[-3.313594310999974,43.404078499000036],[-3.312426405999929,43.40549986100007],[-3.309675484999957,43.408847782000066],[-3.302234158999966,43.40895774900008],[-3.286589612999933,43.40389279500005],[-3.25630022799993,43.40273409200006],[-3.239957109999978,43.398486010000056],[-3.222977466999964,43.393681696000044],[-3.223740211999939,43.39122951600007],[-3.225277462999941,43.38628734100007],[-3.216599174999942,43.385604184000044],[-3.213708265999969,43.377073762000066],[-3.200980233999928,43.373407556000075],[-3.197775026999977,43.37248432200005],[-3.196099213999958,43.36958552500005],[-3.193497984999965,43.36508595600003],[-3.190342344999976,43.36507766900007],[-3.185586275999981,43.365065180000045],[-3.182738877999952,43.36127933300003],[-3.18070937799996,43.358580947000064],[-3.171392970999932,43.35791123100006],[-3.163021399999934,43.35199594300008],[-3.153338109999936,43.35322211300007],[-3.143389872999933,43.35138346700006],[-3.13475094599994,43.352708318000055],[-3.128045669999949,43.353736627000046],[-3.12439947799993,43.35242217700005],[-3.117548708999948,43.34995248000007],[-3.115503459999957,43.35386930900006],[-3.111540377999972,43.36145895300007],[-3.105631538999944,43.36454110900007],[-3.094576657999937,43.36294695700008],[-3.085142136999934,43.35689282300007],[-3.069743296999945,43.34701138400004],[-3.048554942999942,43.33940480800004],[-3.047587291999946,43.33945607800007],[-3.036039833999951,43.34006791100006],[-3.034983362999981,43.33401833900007],[-3.030635083999925,43.33158515500003],[-3.025905576999946,43.32893864500005],[-3.021949359999951,43.326724848000026],[-3.017594605999932,43.32303239100003],[-3.011158143999978,43.33579605400007],[-3.013746313999945,43.34723679600006],[-3.020301809999978,43.35244634600008],[-3.021271593999927,43.353217018000066],[-3.021178207999981,43.353988264000066],[-3.020616465999979,43.35862750300004],[-3.025905576999946,43.36323362700006],[-3.026950144999944,43.36414330900004],[-3.037127002999966,43.37300602200003],[-3.030515215999969,43.378440140000066],[-3.025905576999946,43.37951909900005],[-3.022829614999978,43.380239076000066],[-3.006178035999937,43.384136641000055],[-2.985385338999947,43.395515586000045],[-2.973979504999932,43.40502044600004],[-2.973685307999972,43.405564611000045],[-2.969596004999971,43.41312842800005],[-2.960393907999958,43.414786322000054],[-2.957269733999965,43.414024048000044],[-2.949562485999934,43.412143540000045],[-2.945560328999932,43.412655038000025],[-2.950928578999935,43.41867081500004],[-2.951262600999939,43.42045406900007],[-2.952769869999941,43.42850098300005],[-2.94491624799997,43.43480984000007],[-2.922317968999948,43.437453119000054],[-2.908042679999937,43.43829771900005],[-2.900450571999954,43.43373323800006],[-2.878364892999969,43.43562077100006],[-2.865109816999961,43.432692288000055],[-2.854083152999976,43.430256135000036],[-2.844372374999978,43.43205660500007],[-2.837485074999961,43.43255403200004],[-2.822810255999968,43.43361390200005],[-2.814163556999972,43.43243731200005],[-2.80566783699993,43.43128126600004],[-2.799552808999977,43.43583414700004],[-2.786690938999925,43.445410319000075],[-2.78449858099998,43.44704261600003],[-2.783023937999928,43.445453274000045],[-2.763407700999949,43.44929528600005],[-2.762506691999931,43.449471757000026],[-2.761820204999935,43.44988650100004],[-2.751860044999944,43.455903971000055],[-2.747503107999933,43.45202903200004],[-2.746566872999949,43.444458018000034],[-2.746436476999975,43.44340355200006],[-2.735917897999968,43.42835598800008],[-2.729786753999974,43.42706941400007],[-2.722630862999949,43.425567804000025],[-2.719907496999951,43.421699068000066],[-2.71779390699993,43.41869656200004],[-2.713951540999972,43.41767864700006],[-2.711894621999932,43.417343284000026],[-2.702145332999976,43.41575374800004],[-2.698171444999957,43.40988339200004],[-2.695102582999937,43.40534996800005],[-2.68834243699996,43.40472262900005],[-2.680567073999953,43.40965621300006],[-2.676747863999935,43.41207955800007],[-2.668225831999962,43.41106501100006],[-2.660712179999962,43.410170512000036],[-2.654984748999937,43.41257653000008],[-2.654798544999949,43.41265475200004],[-2.646581625999943,43.41550144000007],[-2.638800075999939,43.413137498000026],[-2.637914531999968,43.40859694400007],[-2.637032165999926,43.40407268300004],[-2.63114384499994,43.398776948000034],[-2.619032189999928,43.39236548000008],[-2.611638504999974,43.39200217700005],[-2.607749488999957,43.39276281000008],[-2.60211460599993,43.39386490700008],[-2.595408623999958,43.391596105000076],[-2.581444664999935,43.38687174700004],[-2.568544370999973,43.38905636000004],[-2.561536644999933,43.39024309000007],[-2.556313197999941,43.38268089500008],[-2.550352714999974,43.374051663000046],[-2.535333761999937,43.37531295400004],[-2.513666975999968,43.37713252900005],[-2.508106597999927,43.37571223800006],[-2.501869431999978,43.36667494100004],[-2.499938374999942,43.363876950000076],[-2.498331060999931,43.36425563000006],[-2.495845024999937,43.36484133600004],[-2.487957635999976,43.363244542000075],[-2.483356945999958,43.35702263200005],[-2.470700377999947,43.34970371400004],[-2.46618733899993,43.34227781900006],[-2.463998667999931,43.338676511000074],[-2.449197435999963,43.33462495300006],[-2.442858154999954,43.33288969400007],[-2.43802322099998,43.33395013400008],[-2.423847126999931,43.33013497300004],[-2.420475286999931,43.324024628000075],[-2.41284679499995,43.32108296600006],[-2.407224241999927,43.32241643200007],[-2.393413186999965,43.318730979000065],[-2.379092715999946,43.308727152000074],[-2.358285907999971,43.30376122200005],[-2.355701039999929,43.299598468000056],[-2.348631345999934,43.29941749900007],[-2.343837649999955,43.30262329000004],[-2.331485250999947,43.29899676000008],[-2.325188329999946,43.29714805300006],[-2.285051218999968,43.29472362300004],[-2.262944464999975,43.299889316000076],[-2.261559387999966,43.30087320400003],[-2.258097846999931,43.30333210600003],[-2.253795325999931,43.30244804500006],[-2.247345645999928,43.30112279600007],[-2.245609945999945,43.302430292000054],[-2.239100648999965,43.30542867200006],[-2.229414713999972,43.309890308000035],[-2.208612150999954,43.30529003600003],[-2.202781713999968,43.30758708600007],[-2.201228154999967,43.30186220600007],[-2.193605369999943,43.297960250000074],[-2.192691605999926,43.29665482300004],[-2.189564971999971,43.292188028000055],[-2.184204263999959,43.29347969400004],[-2.183026927999947,43.29376337400004],[-2.180766268999946,43.29219353500008],[-2.174689643999955,43.28797382500005],[-2.168399220999959,43.28893232200005],[-2.141332786999953,43.293056541000055],[-2.134375281999951,43.28986663900008],[-2.129868122999937,43.28780018100008],[-2.123856991999958,43.291672694000056],[-2.110018286999946,43.30058791500005],[-2.082975189999956,43.307857659000035],[-2.012119607999978,43.323161448000064],[-2.009340786999928,43.321684832000074],[-2.000526173999958,43.31700090500004],[-1.992996379999965,43.31665166300007],[-1.988277681999932,43.319952439000076],[-1.989662462999945,43.325159625000026],[-1.975499377999938,43.32690636500007],[-1.974767418999932,43.32782638800006],[-1.970252683999945,43.333501098000056],[-1.962717961999942,43.33668672500005],[-1.94919090999997,43.33307571600005],[-1.937609185999975,43.334974972000055],[-1.93650712699997,43.334622882000076],[-1.931166324999936,43.33291658200005],[-1.925316951999946,43.33210884500005],[-1.925126765999948,43.33567158000005],[-1.921566391999932,43.336874425000076],[-1.88719555299997,43.348486345000026],[-1.880175648999966,43.35395556100008],[-1.876505016999943,43.359668843000065],[-1.871130484999981,43.36803421800005],[-1.857235935999938,43.37504955800006],[-1.851195420999943,43.375619114000074],[-1.844350160999966,43.37626454800005],[-1.837884605999932,43.379471042000034],[-1.828799561999972,43.38397663200004],[-1.814188774999934,43.38632822100004],[-1.804773377999936,43.38784361900008],[-1.799349992999964,43.390622318000055],[-1.792121566999924,43.39432584000008],[-1.789411628999972,43.39002110700005],[-1.794192521999946,43.384675],[-1.79740594499998,43.381081675000075],[-1.797690873999954,43.37676254000007],[-1.789840932999937,43.36546877100005],[-1.789518749999957,43.36527059800005],[-1.781873570999949,43.360568088000036],[-1.787148130999981,43.355428344000075],[-1.789346265999939,43.35328639200003],[-1.785981393999975,43.350584328000025],[-1.772258715999953,43.342829678000044],[-1.770501330999934,43.34303962700005],[-1.761990923999974,43.34405633500006],[-1.760540247999927,43.34425229100003],[-1.753995600999929,43.34032523600007],[-1.750327120999941,43.33320708400004],[-1.750188587999958,43.332938281000054],[-1.74899955199993,43.33256005100003],[-1.739149324999971,43.32942671100005],[-1.740241589999926,43.319607991000055],[-1.74068135999994,43.31565476000003],[-1.738519983999936,43.312064355000075],[-1.728903005999939,43.29608895400003],[-1.713540233999936,43.300962327000036],[-1.70386756399995,43.30874987800007],[-1.694745310999963,43.31162817100005],[-1.682694879999929,43.30981507000007],[-1.667393960999959,43.31442758500003],[-1.652698707999946,43.309712156000046],[-1.645218160999946,43.30731179000003],[-1.64266496099998,43.30758353300007],[-1.635431761999939,43.30835337800005],[-1.626155797999957,43.306519379000065],[-1.622391498999946,43.30110106500007],[-1.628448360999926,43.28815737300005],[-1.62950703599995,43.28589495400007],[-1.625451945999941,43.27063009800003],[-1.618421840999929,43.25900885500005],[-1.60835968799995,43.25272825400003],[-1.596350861999952,43.25426755900003],[-1.595199456999978,43.25441514700003],[-1.594718442999977,43.25432115900003],[-1.574771244999965,43.250423553000076],[-1.56876475699994,43.256723736000026],[-1.557492989999957,43.278673464000065],[-1.560006303999955,43.283345911000026],[-1.562951232999978,43.28882076300005],[-1.535538850999956,43.29428239100008],[-1.529374122999968,43.29286605600004],[-1.515112605999946,43.29395697500007],[-1.505961860999946,43.29325756800006],[-1.49134973799994,43.28129187900004],[-1.483678002999966,43.28250281600003],[-1.473083479999957,43.27614873200008],[-1.468667871999969,43.27350046300006],[-1.445913158999929,43.26924164900004],[-1.427514046999931,43.267236334000074],[-1.419254776999935,43.27076912500007],[-1.413239277999935,43.27334217300006],[-1.393018291999965,43.261663836000025],[-1.384748640999931,43.253544660000045],[-1.378499211999952,43.23517582300008],[-1.378799842999967,43.228784500000074],[-1.382282713999928,43.22396217800008],[-1.383856508999941,43.22178312900007],[-1.382920569999953,43.218917513000065],[-1.381678020999971,43.21511313600007],[-1.385895459999972,43.19389547700007],[-1.382571127999938,43.18887730700004],[-1.389466723999931,43.18507790600006],[-1.40128416899995,43.17856661800005],[-1.402913959999978,43.158758885000054],[-1.403053219999947,43.15706637900007],[-1.403944438999929,43.15674202400004],[-1.407518188999973,43.15544137300003],[-1.415040768999972,43.149099583000066],[-1.411044984999933,43.14284478700006],[-1.410983676999933,43.14274881800003],[-1.41531598499995,43.12849958700008],[-1.426877992999948,43.120796109000025],[-1.428958012999942,43.11639913400006],[-1.436429639999972,43.11365472400007],[-1.441954162999934,43.11162550600005],[-1.442488647999937,43.10860906400006],[-1.442749979999974,43.10713419600006],[-1.446128967999925,43.10557757500004],[-1.464820995999958,43.09696659000008],[-1.472004649999974,43.09010703300004],[-1.471786100999964,43.081190021000054],[-1.456138199999941,43.06315609500007],[-1.447105822999958,43.05305104400003],[-1.438821555999937,43.04587041000008],[-1.365881851999973,43.03070461600004],[-1.360170252999978,43.02952209400007],[-1.358405730999948,43.02909968100005],[-1.353731468999968,43.02798102200006],[-1.343534766999937,43.053720258000055],[-1.344221081999933,43.071472535000055],[-1.340735815999949,43.08034850000007],[-1.341879280999933,43.08312815200003],[-1.34553131499996,43.09200588600004],[-1.332200099999966,43.10771215600005],[-1.318511992999959,43.11274310600004],[-1.270122171999958,43.11824786100004],[-1.293944323999938,43.09773508200004],[-1.297303528999976,43.09484253800008],[-1.308255162999956,43.07120847200008],[-1.285140399999932,43.06108456000004],[-1.270666663999975,43.05474528500008],[-1.267030403999968,43.049304902000074],[-1.263623954999957,43.044208350000076],[-1.247810776999927,43.04288110600004],[-1.237762036999925,43.04945002200003],[-1.229175020999946,43.05506340200003],[-1.212487264999936,43.05135800800008],[-1.210151297999971,43.048757128000034],[-1.208308942999963,43.04670583700005],[-1.182469891999972,43.03315267700003],[-1.176162770999952,43.03595981500007],[-1.173690744999931,43.037060050000036],[-1.145928273999971,43.02456196600008],[-1.143983501999969,43.017169437000064],[-1.143708769999932,43.01612511800005],[-1.141464860999974,43.00759550400005],[-1.13422733799996,43.00908137400006],[-1.126086872999963,43.014856749000046],[-1.124299089999965,43.01612511800005],[-1.114667531999942,43.02295837100007],[-1.102876934999927,43.01612511800005],[-1.098171332999925,43.013397981000026],[-1.083570244999976,43.010661834000075],[-1.084737107999956,43.005785496000044],[-1.085399867999968,43.00301581400004],[-1.07291646799996,42.99877146500006],[-1.045441577999952,42.99563335300007],[-1.010151611999959,42.99160262300006],[-1.006221271999948,42.986530308000056],[-0.998249581999971,42.97624241200003],[-0.981943672999932,42.97034331200007],[-0.98095210799994,42.969984587000056],[-0.978921806999949,42.96832849500004],[-0.970876043999965,42.96176566200006],[-0.934962003999942,42.95291708600007],[-0.922844722999969,42.955446179000035],[-0.917116438999926,42.959819492000065],[-0.91162834499994,42.96400942900004],[-0.902920624999979,42.96093545800005],[-0.897370422999927,42.95897614300003],[-0.897485294999967,42.955860081000026],[-0.877898116999972,42.95521142600006],[-0.86248913999998,42.95086613500007],[-0.836558172999958,42.95410786900004],[-0.811479283999972,42.951580412000055],[-0.803549378999946,42.95528802100006],[-0.783804698999973,42.96451960300004],[-0.766891354999927,42.96853454500007],[-0.753596288999972,42.96731183400004],[-0.743777337999973,42.953222545000074],[-0.740617099999952,42.948687895000035],[-0.737787150999964,42.94752648800005],[-0.732209492999971,42.94523742600006],[-0.732104639999932,42.93876663100008],[-0.732108707999942,42.93862711200006],[-0.732393232999925,42.92886976200003],[-0.724501161999967,42.92015867100008],[-0.735389254999973,42.91258299400005],[-0.731300774999966,42.89706879200003],[-0.72363327599993,42.88986261200006],[-0.697851359999959,42.879512513000066],[-0.688586684999962,42.88149402100004],[-0.678660708999928,42.883616966000034],[-0.666998661999969,42.87415079500005],[-0.662752864999959,42.87070445000006],[-0.661420298999928,42.86444613700007],[-0.655532840999967,42.85870879200007],[-0.637833310999952,42.85377617300003],[-0.636165760999972,42.853311449000046],[-0.632648654999969,42.85008867800008],[-0.619256603999929,42.837817365000035],[-0.610677320999969,42.83446195800008],[-0.603164810999942,42.831523772000025],[-0.599094858999933,42.814837527000066],[-0.599193353999965,42.81310210000004],[-0.599769643999934,42.80294816400004],[-0.593127315999936,42.802352803000076],[-0.58573974799998,42.804713321000065],[-0.576026271999979,42.807817027000056],[-0.567933342999936,42.80525544400007],[-0.565480678999961,42.79838887300008],[-0.567471026999954,42.794475387000034],[-0.570281073999979,42.78895018500003],[-0.567763920999937,42.78070518200008],[-0.559700250999924,42.78179526000008],[-0.551047055999959,42.77763766100003],[-0.545899131999931,42.78788021500003],[-0.543625787999929,42.792403369000056],[-0.536112943999967,42.792219782000075],[-0.530194066999968,42.79207514600006],[-0.523119354999949,42.79869081800007],[-0.523588633999964,42.80247399600006],[-0.524714093999933,42.81154710700008],[-0.510171337999964,42.82498807700006],[-0.501265846999956,42.82778948400005],[-0.496524454999928,42.81962301400006],[-0.496412480999936,42.81943015200005],[-0.493149380999967,42.818398209000065],[-0.484361105999938,42.815618949000054],[-0.483745282999962,42.81498548700006],[-0.478554798999937,42.80964632900003],[-0.452872616999969,42.803660458000024],[-0.444611571999928,42.79693307500003],[-0.439606948999938,42.79705784200007],[-0.431495196999947,42.79992581700003],[-0.427412286999925,42.80136936200006],[-0.410967940999967,42.80718339300006],[-0.400103727999976,42.80228886100008],[-0.394087916999979,42.79957862500004],[-0.385104444999968,42.80095137400008],[-0.380532636999931,42.80870733800003],[-0.366163488999973,42.81531758500006],[-0.361389282999937,42.82097869100005],[-0.348442926999951,42.836330082000075],[-0.336167601999932,42.83752919600005],[-0.334126692999973,42.837085365000064],[-0.324702892999937,42.835035994000066],[-0.313341956999977,42.849364937000075],[-0.304936873999964,42.841233404000036],[-0.283860610999966,42.837067379000075],[-0.278788891999966,42.83606488100003],[-0.27788008999994,42.834572723000065],[-0.27409266199993,42.828354164000075],[-0.256201033999957,42.820068383000034],[-0.247528877999969,42.82040938800003],[-0.246297268999967,42.821398576000036],[-0.243693513999972,42.82348982700006],[-0.238826467999957,42.81780985000006],[-0.238544664999949,42.81584126400003],[-0.237376093999956,42.80767801200005],[-0.213810829999943,42.79697590400008],[-0.210050488999968,42.79667969900004],[-0.199724436999929,42.795866309000075],[-0.193564002999949,42.79170254100006],[-0.187360746999957,42.78750983100008],[-0.177943700999947,42.785293350000074],[-0.169355694999979,42.79085050400005],[-0.159701471999938,42.79709758800004],[-0.154999381999971,42.79265839300007],[-0.154768816999933,42.78645967400007],[-0.154609068999946,42.782164874000046],[-0.147508609999932,42.773900784000034],[-0.149227246999942,42.76996293800005],[-0.138955382999939,42.76630974900007],[-0.138291186999936,42.76607352800005],[-0.123835842999938,42.752093150000064],[-0.11674241399993,42.73846287600003],[-0.109973003999926,42.73431981300007],[-0.11042376599994,42.72995395500004],[-0.110789335999925,42.72641323000005],[-0.107113269999957,42.72176075500005],[-0.085479955999972,42.71907093100003],[-0.06811401799996,42.716911700000026],[-0.06439560299998,42.71111736000006],[-0.06319810399998,42.70422814700004],[-0.061531466999952,42.694639980000034],[-0.010437142999933,42.68477721900007],[0.001369404000059,42.68593694600003],[0.01182811700005,42.692726081000046],[0.013839007000058,42.69599920200005],[0.017062182000075,42.70124555700005],[0.025234663000049,42.70203161500007],[0.032072284000037,42.700206800000046],[0.046558405000042,42.69634076300008],[0.057942633000039,42.698002175000056],[0.069562402000031,42.70357098300008],[0.075015138000026,42.71012334200003],[0.078852349000044,42.714734382000074],[0.090441601000066,42.71655647100005],[0.094697304000022,42.71491286300005],[0.105912380000063,42.71058145200004],[0.114159983000036,42.71091061000004],[0.131746540000051,42.71527285800005],[0.133242737000046,42.71746434000005],[0.13663374500004,42.72243115200007],[0.147730586000023,42.72297242600007],[0.160404122000045,42.72359060800005],[0.163708418000056,42.72893178800007],[0.164317219000054,42.729278443000055],[0.176927014000057,42.736458534000064],[0.20613335500002,42.72944246900005],[0.210839127000042,42.72668912900008],[0.225368936000052,42.71818776200007],[0.249844308000036,42.71660117300007],[0.259919776000061,42.715948042000036],[0.267659599000069,42.70049494700004],[0.266486901000064,42.69743631600005],[0.264905802000044,42.693312492000075],[0.295051702000023,42.67335912100003],[0.306996024000057,42.680007310000065],[0.313771625000072,42.68377859800006],[0.317483834000029,42.68446748000008],[0.321665621000022,42.68524350200005],[0.324082364000049,42.696572099000036],[0.325751584000045,42.704396648000056],[0.337301252000032,42.709294311000065],[0.338700174000053,42.70967058100007],[0.34554173500004,42.711510764000025],[0.351713810000035,42.716943377000064],[0.360133264000069,42.72435411500004],[0.374816076000059,42.71485684100003],[0.375183611000068,42.71461910800008],[0.375486549000073,42.71453483300007],[0.385285288000034,42.71180889900006],[0.39296347100003,42.71321837600004],[0.395417255000041,42.704962728000055],[0.397147872000062,42.69914014500006],[0.423620071000073,42.690605514000026],[0.436308393000047,42.689704866000056],[0.452225405000036,42.69386802900004],[0.462397323000062,42.69343299800005],[0.477670138000065,42.70004738500006],[0.496015224000075,42.69245216500008],[0.515482123000027,42.69158394100003],[0.521723133000023,42.69792123900004],[0.526278013000024,42.70254639400008],[0.529607331000022,42.70247666600005],[0.559411670000031,42.697938660000034],[0.578544671000031,42.695025471000065],[0.588787088000061,42.695956925000075],[0.591140806000055,42.699791006000055],[0.593833851000056,42.704177833000074],[0.596779549000075,42.705440373000044],[0.604349968000065,42.702162282000074],[0.618698389000031,42.69594922600004],[0.660127054000043,42.69095264900005],[0.676339884000072,42.69100954900006],[0.675037101000044,42.696761716000026],[0.674428750000061,42.69944776500006],[0.676629841000022,42.70209029400007],[0.681682690000059,42.70815651400005],[0.677194279000048,42.713841408000064],[0.674079942000049,42.717785939000066],[0.675148557000057,42.71873410300003],[0.680222533000062,42.72323615500005],[0.670122352000021,42.73108640000004],[0.667283035000025,42.73823136200008],[0.663391396000065,42.74971762900003],[0.652158073000066,42.75189152200005],[0.642494316000068,42.753761670000074],[0.651874907000035,42.765853168000035],[0.65848229900007,42.77000991500006],[0.665789236000023,42.77460675100008],[0.656480699000042,42.77834869600008],[0.64495505800005,42.78298189700007],[0.651134502000048,42.787005220000026],[0.652226409000036,42.78771614100003],[0.653625176000048,42.78955291800003],[0.660255660000075,42.798259674000064],[0.663193161000038,42.79933996300008],[0.670203761000039,42.801918165000075],[0.666502628000046,42.811114460000056],[0.664867242000071,42.81517794500007],[0.665674502000059,42.81635632100006],[0.669279747000076,42.821618982000075],[0.667530757000065,42.82596936400006],[0.663417444000061,42.83064299600005],[0.659358915000041,42.83525438100003],[0.662278283000035,42.84094862400008],[0.669595296000068,42.84435211500005],[0.677752894000037,42.84814660200004],[0.677815705000057,42.85154815900006],[0.677882996000051,42.85519236400006],[0.691507221000052,42.855536104000066],[0.692800669000064,42.855568738000045],[0.694143464000035,42.85605717200008],[0.708424926000021,42.861251966000054],[0.732742341000062,42.85447103000007],[0.733886245000065,42.852103999000065],[0.735499083000036,42.84876662500005],[0.779484198000034,42.836161496000045],[0.782507252000073,42.83675232200005],[0.801468650000061,42.840458143000035],[0.829006717000027,42.82998930400004],[0.831853256000045,42.82890716700007],[0.858215053000038,42.82574115800003],[0.863640815000053,42.819731045000026],[0.877391561000024,42.81425103600003],[0.881703315000038,42.813499842000056],[0.885203914000044,42.812889968000036],[0.893132539000021,42.807543304000035],[0.908431729000029,42.79722630300006],[0.92717409100004,42.78952334300004],[0.932825560000026,42.79014742900006],[0.940108804000033,42.796841492000055],[0.942113407000022,42.79773310500008],[0.959823678000021,42.80561033300006],[0.975962110000069,42.79588531600007],[0.978564554000059,42.79270397800008],[0.982929884000043,42.787367612000025],[0.994146289000071,42.787242237000044],[0.997706175000076,42.78836397200007],[1.005553427000052,42.79083667300006],[1.016769307000061,42.78760189500008],[1.018984906000071,42.786962893000066],[1.036725105000073,42.78680413300003],[1.039042296000048,42.78678339600003],[1.039149211000051,42.78670722600003],[1.046940961000075,42.781156088000046],[1.072096326000064,42.78293563300008],[1.074974696000027,42.78527505000005],[1.078749495000068,42.78834304500003],[1.083647752000047,42.78298163100004],[1.087945216000037,42.77827781900004],[1.097229168000069,42.77493553200003],[1.107857171000035,42.77110937700007],[1.109587628000043,42.76761395400007],[1.110471924000024,42.765827727000044],[1.115087757000026,42.764355487000046],[1.118650037000066,42.76321928300007],[1.128637484000024,42.754612106000025],[1.13165452800007,42.750766578000025],[1.130720575000055,42.74022414600006],[1.134033396000063,42.735762038000075],[1.134041463000074,42.73348521100007],[1.134059946000036,42.72826895400004],[1.170769766000035,42.70814153600003],[1.184228825000048,42.714340941000046],[1.187122023000029,42.71567358300007],[1.194321770000045,42.716881485000044],[1.216392600000063,42.72058430800007],[1.222636811000029,42.724008799000046],[1.229282689000058,42.72765357600008],[1.247255500000051,42.722144134000075],[1.250330031000033,42.71901058900005],[1.254297807000057,42.71496665400008],[1.262473065000052,42.71645469100008],[1.271052871000052,42.71801636200007],[1.27435919200002,42.71670607400006],[1.279379968000057,42.71471635200004],[1.287052807000066,42.716974536000066],[1.294578113000057,42.71918930000004],[1.310568839000041,42.71791177800003],[1.325743994000049,42.72402201600005],[1.335240040000031,42.724142853000046],[1.339037435000023,42.71900019900005],[1.357304212000031,42.71942202300005],[1.353974766000022,42.71267758600004],[1.35263036300006,42.709954237000034],[1.352130967000051,42.70189316900007],[1.368436971000051,42.695709513000054],[1.38705101100004,42.688650590000066],[1.388959448000037,42.68489448300005],[1.387848520000034,42.67486030800006],[1.387174236000021,42.66877001100005],[1.393826665000063,42.667792302000066],[1.397648897000067,42.66723054700003],[1.401097532000051,42.662738853000064],[1.404153281000049,42.658758875000046],[1.410417891000066,42.65614997700004],[1.412983051000026,42.65508171500005],[1.417690096000058,42.63661736800003],[1.420532689000026,42.62546671800004],[1.427085989000034,42.620585307000056],[1.429125728000031,42.61906594900006],[1.429671265000025,42.617759996000075],[1.434722203000035,42.60566862300004],[1.442566157000044,42.60366785300005],[1.44065906700007,42.59530246500003],[1.436252895000052,42.591550142000074],[1.426944297000034,42.58362288200004],[1.431421656000055,42.57637492500004],[1.436833069000045,42.57407308900008],[1.442565649000073,42.57163463900008],[1.443912626000042,42.567562708000025],[1.436948622000045,42.56364660600008],[1.423802658000056,42.55625417400006],[1.413788160000024,42.535514705000026],[1.43283639200007,42.54122568100007],[1.43841113700006,42.542897082000025],[1.44867518600006,42.54051122200008],[1.467184313000075,42.51165378200005],[1.444650953000064,42.496065127000065],[1.434281947000045,42.49421021400008],[1.426103538000064,42.49274717800006],[1.419947100000059,42.484051788000045],[1.427903882000066,42.48251649800005],[1.433039532000066,42.481525555000076],[1.439838196000039,42.476142276000076],[1.440404885000021,42.46917108100007],[1.440780821000033,42.464546453000025],[1.443220230000065,42.46251833400004],[1.446211384000037,42.460031497000045],[1.444939075000036,42.45845665400003],[1.441613890000042,42.454340796000054],[1.446164540000041,42.446339640000076],[1.444401406000054,42.442250853000075],[1.44965075500005,42.438296208000054],[1.517031250000059,42.42901958700003],[1.551865873000054,42.43354499000003],[1.55394401500007,42.44433181800008],[1.55397070500004,42.44447035500008],[1.554241466000065,42.444719716000066],[1.559013701000026,42.44911477100004],[1.558625637000034,42.450436996000064],[1.557335645000023,42.45483230200006],[1.561558738000031,42.45833199200007],[1.566777649000073,42.45833666500005],[1.57446879400004,42.45377221200005],[1.580907615000058,42.44995097300006],[1.58394516900006,42.45593510500004],[1.586534960000051,42.46103712200005],[1.597111889000075,42.46597694900004],[1.604872725000064,42.46557847500003],[1.628426904000037,42.46436910300008],[1.657080031000021,42.46887846300007],[1.661479362000023,42.474015172000065],[1.662222886000052,42.48454346400007],[1.66283753600004,42.49324690100008],[1.669485460000033,42.50295942400004],[1.676251188000037,42.49803984400006],[1.680341423000073,42.495065701000044],[1.703949584000043,42.49027988000006],[1.711727266000025,42.49283651300004],[1.725801230000059,42.50440199700006],[1.731010891000039,42.49240083700005],[1.745653723000032,42.49506545300005],[1.757250843000065,42.48997342500007],[1.762937610000051,42.487476496000056],[1.790687146000039,42.485698624000065],[1.793887192000057,42.48658426000003],[1.804791351000063,42.48960206400005],[1.814627227000074,42.484665635000056],[1.816203536000046,42.48387451700006],[1.817974367000033,42.48435599700008],[1.823012126000037,42.48572573700005],[1.832754734000048,42.48298105100008],[1.84333900200005,42.477161411000054],[1.845740557000056,42.47255608300003],[1.847895532000052,42.468423606000044],[1.855111982000039,42.46406988500007],[1.861937287000046,42.46471124800007],[1.867797860000053,42.46526195600006],[1.880699848000063,42.45925676100006],[1.883267194000041,42.45438017500004],[1.885481964000064,42.45017329500007],[1.89334309700007,42.44792836400006],[1.900215759000048,42.44990564500006],[1.903684871000053,42.44853252100006],[1.906354380000039,42.44862354800006],[1.909127272000035,42.447204329000044],[1.92022961300006,42.44753541400007],[1.924496865000037,42.449849038000025],[1.933683751000046,42.45482999600006],[1.942857969000045,42.44443508300003],[1.942289149000032,42.43951901300005],[1.941282026000067,42.43081487300003],[1.952079790000028,42.42621491300008],[1.958084904000032,42.42365667200005],[1.956660480000039,42.41732367000003],[1.955385063000051,42.41165315500007],[1.96061351100002,42.40333971900003],[1.960550842000032,42.392973995000034],[1.96508355800006,42.382382429000074],[1.985909720000052,42.36212890000007],[2.011529088000032,42.352632897000035],[2.015287296000054,42.347350927000036],[2.020769592000022,42.35299581800007],[2.023490103000029,42.355797015000064],[2.042341368000052,42.35742201700003],[2.057843976000072,42.35875836100007],[2.067654213000026,42.36261582600008],[2.07401546400007,42.36511712200007],[2.076343210000061,42.364398676000064],[2.084573645000035,42.36185839500007],[2.086560419000023,42.365413611000065],[2.086915222000073,42.36842907100004],[2.087105308000048,42.370044610000036],[2.088670054000033,42.371227582000074],[2.089390390000062,42.373898180000026],[2.097037992000025,42.37652987000007],[2.115007882000043,42.38271366200007],[2.114821276000043,42.390761034000036],[2.114732346000039,42.39459611800004],[2.120903451000061,42.39759069400003],[2.124798936000047,42.40837424700004],[2.133034739000038,42.414558543000055],[2.156893856000067,42.42345381800004],[2.16867591700003,42.424128187000065],[2.179884977000029,42.418995926000036],[2.180245177000074,42.41883100200005],[2.201621054000043,42.41700399000007],[2.219905658000073,42.42394567900004],[2.225036806000048,42.42589370300004],[2.226752711000074,42.42589576200004],[2.233068224000021,42.42590333900006],[2.246189403000074,42.42957073100007],[2.249582537000038,42.432397835000074],[2.257107283000039,42.43866733100003],[2.270696280000038,42.43264491600007],[2.291606827000066,42.42337771200005],[2.298162803000025,42.42548560400007],[2.308314329000041,42.42874954600006],[2.318759588000034,42.42506492200005],[2.319869646000029,42.42136790100005],[2.32398815800002,42.41875407300006],[2.326791786000058,42.41697474100005],[2.331877034000058,42.41669779100005],[2.344157095000071,42.41602900100003],[2.344963845000052,42.413286637000056],[2.346136007000041,42.40930213300004],[2.357724793000045,42.403839180000034],[2.385373809000043,42.40051413300006],[2.404938730000026,42.393199209000045],[2.421294448000026,42.393390614000054],[2.431909850000068,42.39351484300005],[2.434670185000073,42.38950980900006],[2.434778315000074,42.38448577100007],[2.434959469000034,42.37606881700003],[2.444032388000039,42.37054423100005],[2.452727657000025,42.36929558800006],[2.453559915000028,42.36917607600003],[2.454251547000069,42.368005950000054],[2.456953811000062,42.36343416900007],[2.461498525000025,42.36187297200007],[2.465216263000059,42.36059585800007],[2.469208727000023,42.355347977000065],[2.474688934000028,42.34814453800004],[2.482616526000072,42.34046873500006],[2.493533458000059,42.34183752800004],[2.500771832000055,42.342745094000065],[2.514792493000073,42.33759158500004],[2.526214688000039,42.333393182000066],[2.54214034000006,42.33388902300004],[2.552743827000029,42.34421624500004],[2.553328470000054,42.347011372000054],[2.554586477000043,42.35302580200005],[2.561840761000042,42.35711644100007],[2.587403613000049,42.35685366600006],[2.597669787000029,42.352709126000036],[2.613510503000043,42.34631409800005],[2.660354527000038,42.34229688900007],[2.672362464000059,42.34126712300008],[2.675256331000071,42.344072854000046],[2.675173435000033,42.35577402600006],[2.66917316200005,42.36017969400007],[2.661830917000032,42.365570699000045],[2.660354527000038,42.37362500200004],[2.659239604000049,42.37970735500005],[2.655176367000024,42.38581323400007],[2.660354527000038,42.38665339600004],[2.664261039000053,42.38728723200006],[2.669582029000026,42.38815056900006],[2.671457320000059,42.39523072500003],[2.67395061700006,42.404644157000064],[2.685126490000073,42.40606943600005],[2.693097298000055,42.40708596800005],[2.703574289000073,42.41243515000008],[2.723931103000041,42.422828622000054],[2.727364755000053,42.42278659200008],[2.733054977000052,42.42345520100008],[2.752167458000031,42.42570094300004],[2.759275709000065,42.42064405700006],[2.77128852900006,42.412098006000065],[2.793007188000047,42.418124824000074],[2.798916322000025,42.41935521600004],[2.803911236000033,42.42945880900004],[2.804520288000049,42.430690785000024],[2.81786283200006,42.43984200600005],[2.818575913000075,42.439873936000026],[2.827548282000066,42.44027569000008],[2.832055881000031,42.44944766000003],[2.834587592000048,42.454599132000055],[2.839485024000055,42.45853999500008],[2.844423565000056,42.45796209800005],[2.848753785000042,42.45733976100007],[2.860538528000063,42.455646063000074],[2.862897191000059,42.460739782000076],[2.86434913100004,42.46387536200007],[2.871149229000025,42.46649010500005],[2.877977377000036,42.46366109600007],[2.88651838800007,42.46012242100005],[2.919897340000034,42.456932057000074],[2.923791822000055,42.45899826200008],[2.928464088000055,42.467053831000044],[2.932848465000063,42.474613042000044],[2.947170913000036,42.48187256400007],[2.959168896000051,42.47240966000004],[2.96687100500003,42.466334946000075],[2.980569483000068,42.467670621000025],[2.981198941000059,42.46819612200005],[2.987743709000029,42.47365999600004],[3.000591044000032,42.47255342100004],[3.005795372000023,42.470262079000065],[3.012861319000024,42.46715111100008],[3.025020233000021,42.47187685600005],[3.032662720000076,42.47484722300004],[3.04019865500004,42.47353332400007],[3.042853771000068,42.46762180400003],[3.045636561000038,42.46142602200007],[3.056892284000071,42.44706413000006],[3.085973354000032,42.42578168000006],[3.102752550000048,42.42649467000007],[3.108907612000053,42.43349699200007],[3.10985852400006,42.434578800000054],[3.120840078000072,42.438159047000056],[3.123318395000069,42.43681065200008],[3.126114145000031,42.43528955000005],[3.144702085000063,42.43350188100004],[3.174022446000038,42.43523914200006],[3.173376363000045,42.43358578300007],[3.163139426000043,42.42853648500005],[3.168755012000076,42.42416269700004],[3.169029272000046,42.42004355000006],[3.169323739000049,42.417489799000066],[3.169561663000025,42.41542641700005],[3.168643049000025,42.41478627200007],[3.157084724000072,42.40673174800003],[3.163927212000033,42.40001446300005],[3.153810889000056,42.39309037600003],[3.162493138000059,42.390360401000066],[3.16572005200004,42.38934575700006],[3.161100549000025,42.384829395000054],[3.156452098000045,42.380284731000074],[3.158843291000039,42.37447158700007],[3.165905456000075,42.369664819000036],[3.164258149000034,42.36070979700003],[3.174945641000022,42.354744038000035],[3.178659802000027,42.35342208000003],[3.184843577000038,42.35122112800008],[3.187570166000057,42.35025067000004],[3.186755325000036,42.34580070800007],[3.18633946500006,42.34352963600003],[3.19634875600002,42.335698973000035],[3.202969647000032,42.33762645100006],[3.203889410000045,42.34386834900005],[3.204263137000055,42.346404619000054],[3.230444556000066,42.35106140100004],[3.237315606000038,42.348802007000074],[3.238675123000064,42.34453945400003],[3.241162401000054,42.33674098300003],[3.249040161000039,42.33109432100008],[3.253700414000036,42.33473040500007],[3.261522526000022,42.335022209000044],[3.262428373000034,42.33624160900007],[3.265534337000076,42.34042268300004],[3.278229105000037,42.33611557300003],[3.28113954500003,42.33202249400006],[3.306624746000068,42.326470605000054],[3.309400709000045,42.32235580400004],[3.320486245000041,42.322094082000035],[3.321227301000022,42.318412339000076],[3.302625302000024,42.309595373000036],[3.298540971000023,42.30472652700007],[3.295731743000033,42.30514418700005],[3.290131257000041,42.305976834000035],[3.292099527000062,42.300355172000025],[3.287797517000058,42.29272736100006],[3.290471136000065,42.29270573000008],[3.29633685400006,42.29265827300003],[3.296152554000059,42.284089633000065],[3.289536525000074,42.28312491200006],[3.287699706000069,42.28413614300007],[3.280533951000052,42.28808113200006],[3.276838300000065,42.28656852600005],[3.278985516000034,42.27728306500006],[3.283803637000062,42.272089040000026],[3.286926366000046,42.268722679000064],[3.280383392000033,42.25417414800006],[3.26532819800002,42.25206759100007],[3.261359922000054,42.25151234100008],[3.254593378000038,42.25318166300008],[3.255764616000022,42.246439321000025],[3.25623005500006,42.24625432400006],[3.264292449000038,42.24304978200007],[3.263944991000074,42.239139591000026],[3.251529723000033,42.240956037000046],[3.247568806000061,42.24404142600008],[3.241407302000027,42.24884098000007],[3.232721274000028,42.24949303100004],[3.228124783000055,42.24104808900006],[3.227134526000043,42.239228731000026],[3.218287926000073,42.23405936800003],[3.201109975000065,42.24369499900007],[3.197744512000043,42.245582789000025],[3.196254802000055,42.24571483200003],[3.185229589000073,42.24669207200003],[3.182758582000076,42.25132948500004],[3.179552656000055,42.25734614300006],[3.172100478000061,42.26299861800004],[3.162703488000034,42.263384065000025],[3.150476720000029,42.258649631000026],[3.139186005000056,42.250951427000075],[3.12867011000003,42.23950865000006],[3.125044407000075,42.23556337500003],[3.117310290000034,42.222094396000045],[3.112726458000054,42.205530113000066],[3.11166156500002,42.20384944400007],[3.112201893000076,42.17305452000005],[3.115185875000066,42.15667521000006],[3.117129937000072,42.14600410300005],[3.125702809000074,42.12813738800003],[3.137046431000044,42.125274776000026],[3.139127691000056,42.115776237000034],[3.149682001000031,42.11850527300004],[3.152241063000076,42.11916697100003],[3.175825433000057,42.11096039600005],[3.173999765000076,42.10818750000004],[3.169547166000029,42.10820873700004],[3.173481406000064,42.10359123300003],[3.183456664000062,42.102780067000026],[3.184843577000038,42.10060465300006],[3.198748691000048,42.07879406600006],[3.199437393000039,42.07771381600003],[3.200140589000057,42.07709467800004],[3.210171117000073,42.06826317100007],[3.211214677000044,42.055309942000065],[3.205145117000029,42.053656498000066],[3.201271951000024,42.05260138700004],[3.197724801000049,42.04606341400006],[3.195158982000066,42.02892147500006],[3.19693200100005,42.00834660500004],[3.204751594000072,41.987970733000054],[3.207208983000044,41.98156740200005],[3.211546496000039,41.97366979900005],[3.221149564000029,41.97389238300008],[3.22163389800005,41.97390360900005],[3.230682858000023,41.967741911000076],[3.232166613000061,41.95011366600005],[3.228475340000045,41.94781547400004],[3.21876893700005,41.94177225200008],[3.216443234000053,41.937559468000075],[3.219290503000025,41.93426708100003],[3.218076803000031,41.92752855900005],[3.216484155000046,41.92154832600005],[3.215715676000059,41.918662762000054],[3.215010646000053,41.918320547000064],[3.20889130300003,41.91535027800006],[3.209391489000041,41.906011568000054],[3.209551906000058,41.90301650200007],[3.206866647000027,41.898835656000074],[3.204148375000045,41.89460341200004],[3.202922927000031,41.892695435000064],[3.200663766000048,41.89279570700006],[3.194962027000031,41.893048778000036],[3.190478750000068,41.888740443000074],[3.184843577000038,41.887487607000025],[3.178959143000043,41.87508393300004],[3.177988910000067,41.870529368000064],[3.177422491000073,41.86787042700007],[3.167054785000062,41.862048851000054],[3.165540048000025,41.862004124000066],[3.153098969000041,41.86163676700005],[3.144749029000025,41.85752669200008],[3.144447461000027,41.85039008600006],[3.144441844000028,41.85025714900007],[3.14390635500007,41.85009214100006],[3.134761630000071,41.84727424300007],[3.132759079000039,41.84473256800004],[3.130548806000036,41.84192724800005],[3.127952745000073,41.84432186500004],[3.125429758000053,41.84664908000008],[3.117954012000041,41.84826286400005],[3.099892992000036,41.84296303600007],[3.085437255000045,41.828773960000035],[3.081095821000076,41.824512612000035],[3.071563655000034,41.81861871900003],[3.064448321000043,41.79992481600004],[3.064273448000051,41.79967044400007],[3.057232689000045,41.78942888600005],[3.054160037000031,41.79035216900007],[3.053855328000054,41.79044372900006],[3.046926436000035,41.78865617800005],[3.046840939000049,41.787117513000055],[3.046588884000073,41.78258132600007],[3.042959001000042,41.77922056800003],[3.032662720000076,41.780318237000074],[3.029821086000027,41.77297109300008],[3.012982947000069,41.77215406300007],[3.012014471000043,41.77210707000006],[3.009600903000035,41.77065937700007],[2.995708903000036,41.76232675700004],[2.987381962000029,41.76083977500008],[2.98318355300006,41.76009004500003],[2.971575563000044,41.75317398000004],[2.965259412000023,41.74578260200008],[2.953725140000074,41.732284796000044],[2.938219154000024,41.722052691000044],[2.935693787000048,41.72038624900006],[2.93542465500002,41.71960030200006],[2.934077609000042,41.71566652800004],[2.914757246000022,41.709006027000044],[2.912842131000048,41.70834581100007],[2.907345326000041,41.709168807000026],[2.903387050000049,41.70976145100008],[2.900188318000062,41.70738983000007],[2.896880275000058,41.70493716200008],[2.866313139000056,41.69866940800006],[2.865377058000036,41.698736989000054],[2.86434913100004,41.69881120100007],[2.854054049000069,41.69955446300003],[2.816874939000058,41.68645867300006],[2.811236737000058,41.681601715000056],[2.802459143000021,41.67404036700003],[2.797244627000055,41.67299824200006],[2.791802541000038,41.67191063700005],[2.778512932000069,41.64880767200003],[2.762013436000075,41.64575836500006],[2.74789994200006,41.643150020000064],[2.733054977000052,41.63716905700005],[2.727942108000036,41.63510910800005],[2.703019539000024,41.62468337900003],[2.670868572000074,41.61475706200008],[2.639566667000054,41.60481657500003],[2.595365190000052,41.590537847000064],[2.572198154000034,41.583321116000036],[2.532159526000044,41.56999985500005],[2.522411533000025,41.56589881800005],[2.508814190000066,41.56036745700004],[2.48748409500007,41.55110962900005],[2.467510891000074,41.54541679500005],[2.44895255800003,41.53477945900005],[2.448270441000034,41.534226698000055],[2.442258135000031,41.52935456400007],[2.42435434600003,41.51917638100008],[2.402776528000061,41.50616842000005],[2.376090935000036,41.494163412000034],[2.346733837000045,41.48491294400003],[2.342370524000046,41.48381636200003],[2.296506627000042,41.47228990700006],[2.270421861000045,41.460800377000055],[2.253625026000066,41.448627541000064],[2.241258117000029,41.43147109900008],[2.237231059000067,41.42588441800007],[2.227166838000073,41.41260564400005],[2.201169531000062,41.38958723500008],[2.190772997000067,41.37529640500003],[2.185778472000038,41.37784017200005],[2.185187693000046,41.378141062000054],[2.18130214200005,41.376806771000076],[2.178968650000058,41.37091283800004],[2.175058633000049,41.361036917000035],[2.159873652000044,41.349521012000025],[2.152240693000067,41.343732369000065],[2.151399293000054,41.337724097000034],[2.152894151000055,41.33740118500003],[2.156902586000058,41.33653530300006],[2.150754595000024,41.321514628000045],[2.139382222000052,41.30689247300006],[2.120229553000058,41.292576171000064],[2.074613808000038,41.27726759400008],[2.06952850700003,41.27632134900006],[2.066009950000023,41.27512735700003],[2.063624623000067,41.274970834000044],[2.04629604400003,41.27067587500005],[2.031876704000069,41.26775009600004],[2.020383085000049,41.26595717500004],[2.009642123000049,41.26501452000008],[2.00295112200007,41.26472094700006],[1.984794470000054,41.264179600000034],[1.982112264000023,41.26422036900004],[1.959478342000068,41.26456439900005],[1.944457177000061,41.26379742100005],[1.922089473000028,41.259915973000034],[1.909841125000071,41.25468060500003],[1.899773137000068,41.25037719900007],[1.889346424000053,41.24764293000004],[1.870324915000026,41.24265478900003],[1.861937626000042,41.238231023000026],[1.855620592000037,41.23489918700005],[1.834064759000057,41.23524472200006],[1.814095532000067,41.23556482500004],[1.799187827000026,41.231245896000075],[1.799100100000032,41.231195005000075],[1.786609312000053,41.22394899400007],[1.756694105000065,41.219364186000064],[1.751822567000033,41.21860903900006],[1.697608970000033,41.20763811900008],[1.683432192000055,41.201755485000035],[1.672690037000052,41.19833766600004],[1.645323423000036,41.19562168500005],[1.616916759000048,41.19070814200006],[1.578792527000076,41.18701362300004],[1.56731484900007,41.18590135200003],[1.527515626000024,41.18082490200004],[1.495635681000067,41.17326761100003],[1.459476206000033,41.16339506600008],[1.440518952000048,41.15528507400006],[1.407628025000065,41.14089538400003],[1.403380020000043,41.13767052700007],[1.397822633000033,41.13345165700008],[1.390004091000037,41.13264447300003],[1.377530810000053,41.13300559400005],[1.373514545000035,41.13312187100007],[1.371041519000073,41.132567349000055],[1.342012730000022,41.12605827700003],[1.320281180000052,41.12913932200007],[1.317075252000052,41.12959385000005],[1.299254599000051,41.127779015000044],[1.294580763000056,41.12548141600007],[1.269057374000056,41.112934438000025],[1.261290826000049,41.11379270900005],[1.249947489000022,41.10902733700004],[1.222779621000029,41.10569301000004],[1.217770233000067,41.10507820500004],[1.197682144000055,41.092824386000075],[1.183303076000072,41.07625632700007],[1.182635031000075,41.07437350500004],[1.179687771000033,41.066066928000055],[1.180302181000059,41.062889161000044],[1.172091687000034,41.055861578000076],[1.164188835000061,41.05564292400004],[1.160410271000046,41.060759648000044],[1.158496524000043,41.063351139000076],[1.149000093000041,41.065791096000055],[1.142706732000022,41.07218217800005],[1.117794137000033,41.07385662100006],[1.112779284000055,41.07238892300006],[1.08393925200005,41.06394830700003],[1.071274672000072,41.06594426300006],[1.064081217000023,41.06527212000003],[1.050114387000065,41.06396708500006],[1.035737528000027,41.057517017000066],[1.02346135800002,41.05200940700007],[1.004038137000066,41.04360579400003],[0.998863801000027,41.04274635100006],[0.988318590000063,41.04099481900005],[0.965384485000072,41.027399014000025],[0.94396868900003,41.00853047700008],[0.939849062000064,41.00490085100006],[0.931893381000066,40.99147227800006],[0.915729911000028,40.98621589600003],[0.914359618000049,40.98577027500005],[0.898133659000052,40.97451383600003],[0.885540978000051,40.96236028200008],[0.876179831000059,40.95332557300003],[0.870418210000025,40.950410110000064],[0.863579256000037,40.94694950200005],[0.861042255000029,40.94155358000006],[0.857802016000051,40.93466194700005],[0.838247970000054,40.91760801700008],[0.82822905200004,40.908870086000036],[0.823602465000022,40.90222280900008],[0.81727784800006,40.89313587500004],[0.807891598000026,40.885718428000075],[0.800977099000022,40.88025427300005],[0.797791045000054,40.87510772400003],[0.793238486000064,40.86775381000007],[0.786937212000055,40.864874572000076],[0.769858063000072,40.857070607000026],[0.764859676000071,40.85173951500008],[0.762091289000068,40.84734959700006],[0.75199359800007,40.84611883800005],[0.744841625000049,40.83753100800004],[0.743164070000034,40.83120343000007],[0.741463696000039,40.82478978100005],[0.736591481000062,40.82398598900005],[0.731144734000054,40.81857521300003],[0.723076577000029,40.81575174300008],[0.707919590000074,40.81044752200006],[0.700613042000043,40.80353897800006],[0.70845698100004,40.78837573800007],[0.720282137000027,40.778541637000046],[0.729216317000066,40.770634511000026],[0.740855733000046,40.76603861000007],[0.769745603000047,40.763624693000054],[0.781168004000051,40.76856888200007],[0.782286551000027,40.77180366500005],[0.772803497000041,40.77852395800005],[0.763777828000059,40.78137209500005],[0.740313594000042,40.788776462000044],[0.743324347000055,40.791657402000055],[0.755164043000036,40.79283902700007],[0.77040640000007,40.79047253200008],[0.781306721000021,40.78323175000003],[0.811288631000025,40.752814269000055],[0.827101689000074,40.73677148200005],[0.863691915000061,40.72150791000007],[0.869242603000032,40.727547257000026],[0.874237933000074,40.732982356000036],[0.886552097000049,40.71941665400004],[0.877069965000032,40.70225321400005],[0.868878438000024,40.69358014300008],[0.83203743200005,40.67154312000008],[0.798417064000034,40.66226031800005],[0.790988895000055,40.66020935200004],[0.790928016000066,40.65840193500003],[0.790912432000027,40.65793928100004],[0.784002202000067,40.65483373300003],[0.767613203000053,40.64746830300004],[0.762058671000034,40.64352835400007],[0.75010321600007,40.635048092000034],[0.742659058000072,40.628850869000075],[0.742615679000039,40.63234421300007],[0.746041268000056,40.63618094900005],[0.741816984000025,40.63697057300004],[0.727340463000075,40.639676594000036],[0.708307558000058,40.636364008000044],[0.702667891000033,40.63823297500005],[0.684343704000071,40.63574847500007],[0.663525198000059,40.62663870100005],[0.663276026000062,40.626529668000046],[0.628243348000069,40.62187746700005],[0.627462997000066,40.62187970800005],[0.603288391000035,40.62194914100007],[0.580419884000037,40.603870509000046],[0.538647586000025,40.56731041000006],[0.532523802000071,40.55384888900005],[0.522916202000033,40.54260177300006],[0.515238434000025,40.522918609000044],[0.504652048000025,40.50316588800007],[0.484631302000025,40.476154130000054],[0.465880920000075,40.45904583500004],[0.453484643000024,40.442653361000055],[0.449739155000032,40.439211869000076],[0.445873779000067,40.435660219000056],[0.443518527000037,40.43126203400004],[0.436067413000046,40.41734786000006],[0.422745838000026,40.404714961000025],[0.417328664000024,40.39957783500006],[0.405361572000061,40.370124847000056],[0.404346930000031,40.36339706000007],[0.404231226000036,40.36262985800005],[0.407214871000065,40.35736521300004],[0.401623267000048,40.35705662700008],[0.400031701000046,40.35696879200003],[0.393300156000066,40.35177468300003],[0.386666121000076,40.34146480700008],[0.385810742000047,40.34013547300003],[0.382488587000068,40.33761390300003],[0.367178025000044,40.32599293700008],[0.354569966000042,40.31207017300005],[0.354450111000062,40.31176767900007],[0.349065198000062,40.298176986000044],[0.337301252000032,40.29286273900004],[0.331986572000062,40.28213343500005],[0.322356284000023,40.27434891300004],[0.311402627000064,40.26841837200004],[0.303973873000075,40.260147424000024],[0.294245961000058,40.256270724000046],[0.291586427000027,40.25521086500004],[0.278415197000072,40.24322391700008],[0.272661726000024,40.22950790800007],[0.264417589000061,40.20985426400006],[0.255738761000032,40.203274030000046],[0.248496215000046,40.201653942000064],[0.230177664000053,40.19755625800008],[0.201214868000022,40.180747833000055],[0.18591174300002,40.16479701500003],[0.160951991000047,40.12392033000003],[0.15172132500004,40.10404515100004],[0.147431143000063,40.09455309400005],[0.147318279000046,40.090079900000035],[0.147150560000057,40.08343257000007],[0.141914997000072,40.08210873100006],[0.136225424000031,40.08067009400003],[0.129189218000022,40.071501528000056],[0.123899271000028,40.064608434000036],[0.105588014000034,40.056760577000034],[0.090114418000041,40.05576709500008],[0.088476637000042,40.05574739000008],[0.082163303000073,40.055671430000075],[0.051817396000047,40.03734547000005],[0.039216423000028,40.01538086100004],[0.036689752000029,40.00995076600003],[0.020842709000021,39.97589371600003],[0.011757535000072,39.967606362000026],[0.008555685000033,39.96468568500006],[0.00608022800003,39.955727452000076],[0.002518051000038,39.94283657200003],[-0.005544055999962,39.917278364000026],[-0.010018398999932,39.91104162100004],[-0.068822023999928,39.86511311100003],[-0.073207656999955,39.86302102800005],[-0.079329463999954,39.86010073600005],[-0.096192321999979,39.84154887200003],[-0.12335937499995,39.808880514000066],[-0.152148110999974,39.77015311200006],[-0.157484130999933,39.76390444300006],[-0.158974459999968,39.76145618600003],[-0.163725635999924,39.755455150000046],[-0.16534631899998,39.75407057600006],[-0.166406630999973,39.752403367000056],[-0.169807319999961,39.74888259000005],[-0.172048307999944,39.746002170000054],[-0.188466906999963,39.72195454700005],[-0.191786186999934,39.71371103100006],[-0.194538602999955,39.708534608000036],[-0.196669713999938,39.70287287000008],[-0.201332987999933,39.68534831900007],[-0.20136662699997,39.68514225200005],[-0.203548005999949,39.67177940700003],[-0.21054647699998,39.65521996700005],[-0.216106108999952,39.65398550300006],[-0.216625882999949,39.653870092000034],[-0.217007549999948,39.65312546500007],[-0.220529872999975,39.64625345800005],[-0.231105517999936,39.639675010000076],[-0.239046796999958,39.63473523600004],[-0.258823057999962,39.61493284900007],[-0.267993279999928,39.59825148900006],[-0.269317311999941,39.594819693000034],[-0.280369409999935,39.566173451000054],[-0.286256312999967,39.55993287600006],[-0.289377813999977,39.55665604100005],[-0.295602837999979,39.54947649800005],[-0.299287208999942,39.54509346900005],[-0.301375226999937,39.54265928700005],[-0.308023916999957,39.53490833800004],[-0.310706909999965,39.53047546700003],[-0.312250180999968,39.52790066600005],[-0.313921806999929,39.52498252100003],[-0.318003232999956,39.517490319000046],[-0.318978639999955,39.51449583200008],[-0.320949930999973,39.50799204900005],[-0.322714452999946,39.497161334000054],[-0.323463613999934,39.48462712300005],[-0.32253865499996,39.47200100900005],[-0.321702604999928,39.46058855100006],[-0.325200648999953,39.460493393000036],[-0.33028956499993,39.46035495800004],[-0.326489737999964,39.45492075100003],[-0.325947897999924,39.454145855000036],[-0.325591319999944,39.44724595900004],[-0.32884151199994,39.444754196000076],[-0.332488674999979,39.441958095000075],[-0.334935784999971,39.43558644800004],[-0.332746056999952,39.43028109000005],[-0.334035101999973,39.42519091200006],[-0.326537498999926,39.392711776000056],[-0.303635750999945,39.332229519000066],[-0.274243774999945,39.27893865000004],[-0.244578521999927,39.22542935800004],[-0.233750316999931,39.209465899000065],[-0.231465690999926,39.20609779400007],[-0.217788194999969,39.18593377600007],[-0.22009475599998,39.18137428000006],[-0.231502815999931,39.17927184200005],[-0.23602845299996,39.17843779400005],[-0.24089835999996,39.16545786200004],[-0.237750155999947,39.14373384400005],[-0.237243195999952,39.14023559300006],[-0.227093568999976,39.11737398400004],[-0.221945386999948,39.10577792000004],[-0.19940614799998,39.05849833000008],[-0.181142115999933,39.03078842100007],[-0.160202227999946,39.00503751900004],[-0.152917188999936,38.996078717000046],[-0.151165815999946,38.99240773300005],[-0.146869631999948,38.98340267400005],[-0.135941273999947,38.970993030000045],[-0.134183743999927,38.969669313000054],[-0.132917662999944,38.96817782000005],[-0.127634083999965,38.96269618900004],[-0.121733696999968,38.95677216400003],[-0.120230880999941,38.95568159900006],[-0.118856420999975,38.95401736700006],[-0.107699924999963,38.94351607400006],[-0.068907574999969,38.909555675000036],[-0.037615968999944,38.886413436000055],[-0.029705373999946,38.88030389000005],[-0.015118457999961,38.87209957700003],[0.014059895000059,38.864088121000066],[0.02116722300002,38.86490167200003],[0.03601879100006,38.85995776400006],[0.043344706000028,38.86022367100003],[0.046416326000042,38.86148286500003],[0.050572379000073,38.86318661700005],[0.05411852900005,38.86318664400005],[0.078262780000045,38.856601080000075],[0.093409223000037,38.85448678700004],[0.098758395000061,38.85080511800004],[0.102053633000025,38.84853710700003],[0.106563742000048,38.847352830000034],[0.108555423000041,38.84682984900007],[0.109054313000058,38.84625125600007],[0.116222435000054,38.83793794800005],[0.122865962000049,38.834339269000054],[0.129422454000064,38.832471188000056],[0.134040886000037,38.83458855300006],[0.137051929000052,38.83386797400004],[0.147350179000057,38.83140347700004],[0.150977154000032,38.82827063700006],[0.154488851000053,38.82755902000008],[0.158504091000054,38.82358246600006],[0.161248143000023,38.820864854000035],[0.16684738400005,38.81781742000004],[0.171597752000025,38.81541608600003],[0.19472604300006,38.803724620000025],[0.187936581000031,38.79864554300008],[0.184569789000022,38.79612690500005],[0.185762505000071,38.78366630900007],[0.205714562000026,38.76339341000005],[0.215406180000059,38.761841633000074],[0.221907325000075,38.76080070000006],[0.22503019800007,38.74852276300004],[0.232150527000044,38.73916860600008],[0.228628004000029,38.732676507000065],[0.217171377000057,38.72969467200005],[0.208554028000037,38.730448168000066],[0.20285992700002,38.73094605700004],[0.179435776000048,38.71679287100005],[0.167733453000039,38.71016386700006],[0.159489658000041,38.69921067100006],[0.157805479000046,38.69795719800004],[0.155781785000045,38.69802114100003],[0.154981220000025,38.69218483700007],[0.154179520000071,38.686340259000076],[0.153069710000068,38.684785015000045],[0.149987534000047,38.68046577400003],[0.147150344000067,38.684785015000045],[0.146814243000051,38.685296684000036],[0.146042729000044,38.686471211000026],[0.135226980000027,38.68703389600006],[0.126554634000058,38.684785015000045],[0.123802426000054,38.68407132300007],[0.116036008000037,38.67563638000007],[0.11516741600002,38.67469302100005],[0.11306144200006,38.67470275900007],[0.108396891000041,38.674724328000025],[0.096835479000049,38.671276712000065],[0.084955662000027,38.659526905000064],[0.075858986000071,38.64517249900007],[0.075930199000027,38.64280312400007],[0.07616568800006,38.63496795100008],[0.06534642500003,38.638276863000044],[0.056091830000071,38.64110724500006],[0.038779623000039,38.636798784000064],[0.032626257000061,38.63193819900005],[0.027870964000044,38.62818196200004],[0.021627985000066,38.629807576000076],[0.010191452000072,38.63278554300007],[0.005817512000021,38.629446845000075],[-0.002919709999958,38.630681167000034],[-0.015340336999941,38.62667060900003],[-0.029374759999939,38.617966866000074],[-0.05550713599996,38.59117502500004],[-0.063939967999943,38.57704541600003],[-0.06291091199995,38.571417637000025],[-0.056026022999959,38.566864131000045],[-0.050063096999963,38.562920390000045],[-0.057368149999945,38.55870667000005],[-0.060428606999949,38.55694132900004],[-0.06286433899993,38.55391836100006],[-0.06821367799995,38.54727933700008],[-0.074918974999946,38.539399126000035],[-0.097229818999949,38.52465998800005],[-0.106362179999962,38.527256012000066],[-0.108999242999971,38.53035606900005],[-0.111635167999964,38.533454789000075],[-0.141832461999968,38.536460899000076],[-0.154439816999968,38.53351294600003],[-0.161248893999925,38.52612087600005],[-0.163818969999966,38.52333075000007],[-0.16577134299996,38.52322127900004],[-0.167635080999958,38.52311677800003],[-0.170198280999955,38.52038292000003],[-0.174281206999979,38.516028153000036],[-0.181589858999928,38.51540659700004],[-0.198772817999952,38.51394529100003],[-0.220480450999958,38.50861238400006],[-0.233311647999926,38.50187637300007],[-0.238116141999967,38.49935415200008],[-0.258741107999924,38.49522412300007],[-0.268429977999972,38.49328398400007],[-0.301366877999953,38.481929637000064],[-0.32513468999997,38.467076175000045],[-0.343953635999981,38.455315459000076],[-0.344542500999978,38.45506477500004],[-0.373921816999939,38.44255779400004],[-0.381319604999931,38.43607218200003],[-0.388748222999936,38.42780569400003],[-0.389662420999969,38.42419165900003],[-0.391853014999924,38.41553173800003],[-0.396688557999937,38.412986717000024],[-0.401593960999946,38.41040492800005],[-0.408337992999975,38.38203450000003],[-0.408981275999963,38.359942115000024],[-0.40803533199994,38.35848363400004],[-0.40434221199996,38.35278948800004],[-0.429419333999931,38.353391843000054],[-0.431495196999947,38.355519171000026],[-0.433294968999974,38.357363563000035],[-0.436013866999929,38.360149868000065],[-0.445625013999972,38.362076341000034],[-0.48488114099996,38.341566046000025],[-0.485621103999961,38.33978155700004],[-0.487860306999949,38.33438151200005],[-0.492947439999966,38.33581305800004],[-0.496052991999932,38.336686977000056],[-0.504577033999965,38.333307114000036],[-0.516333473999964,38.31080564400003],[-0.51968168999997,38.296980835000056],[-0.519359068999961,38.27487190000005],[-0.516539733999934,38.25901254100006],[-0.510356657999978,38.224231426000074],[-0.50789399699994,38.209477313000036],[-0.510519821999935,38.201641926000036],[-0.517728769999962,38.194663379000076],[-0.53701056899996,38.18867880200003],[-0.546097965999934,38.18950870600003],[-0.562807913999961,38.19103473800004],[-0.594843555999944,38.18776383800008],[-0.612285872999962,38.17532392900006],[-0.617891180999948,38.16676060000003],[-0.619542097999954,38.16423846500004],[-0.625934627999925,38.15447248400005],[-0.63063286199997,38.148593806000065],[-0.634174392999967,38.14245619400003],[-0.636896342999933,38.13592484000003],[-0.638452098999949,38.128368685000055],[-0.650195338999936,38.055787563000024],[-0.649948713999947,38.02946087300006],[-0.652160900999945,38.01184385200003],[-0.650217202999954,38.00736990900003],[-0.647839063999925,38.001895981000075],[-0.651064850999944,37.99891309900005],[-0.652958182999953,37.99716233700008],[-0.65435360999993,37.991365977000044],[-0.655727229999968,37.98566019900005],[-0.666187752999974,37.97691323000004],[-0.678461178999953,37.973661942000035],[-0.680859104999968,37.97412966400003],[-0.687317579999956,37.97538940600003],[-0.695368461999976,37.97063873600007],[-0.702961607999953,37.95653591800004],[-0.703566895999927,37.95147571100006],[-0.704814724999949,37.94104385300005],[-0.708857326999976,37.94089831300005],[-0.711142993999943,37.94081602600005],[-0.718211589999953,37.934890550000034],[-0.721968014999959,37.92176075100008],[-0.721050193999929,37.91652056800007],[-0.720319510999957,37.91234882800006],[-0.725889062999954,37.91279726700003],[-0.730029867999974,37.913130668000065],[-0.740932882999971,37.90796127400006],[-0.750156292999975,37.89764739700007],[-0.752016324999943,37.888302072000045],[-0.753891678999935,37.876061367000034],[-0.754642031999936,37.871163710000076],[-0.75571804599997,37.869624730000055],[-0.761152824999954,37.86185157800003],[-0.762135483999941,37.84700783900007],[-0.756554323999978,37.82475974600004],[-0.757348092999962,37.81509877900004],[-0.749075301999937,37.790938667000034],[-0.751334652999958,37.78973825400004],[-0.756004663999931,37.79174177200008],[-0.758118982999974,37.793162229000075],[-0.761912514999949,37.79457434100004],[-0.762564175999955,37.800571544000036],[-0.770119977999968,37.810955282000066],[-0.775839428999973,37.818815372000074],[-0.782510945999945,37.81924566200007],[-0.78990835899998,37.81394553400003],[-0.79631014399996,37.810117106000064],[-0.802785828999959,37.79878828200003],[-0.801828986999965,37.78692057100005],[-0.801370396999971,37.781232687000056],[-0.817721687999949,37.765151855000056],[-0.828476931999944,37.755461721000074],[-0.834763778999957,37.754002025000034],[-0.839127562999977,37.75298883000005],[-0.845128002999957,37.74824403300005],[-0.852019156999972,37.730603028000075],[-0.859979327999952,37.72144683700003],[-0.856146033999948,37.712355855000055],[-0.840754061999974,37.69734843200007],[-0.823003986999936,37.67333202900005],[-0.805158053999946,37.65928963600004],[-0.779546340999957,37.64865735800004],[-0.774079269999959,37.648189900000034],[-0.773381202999929,37.64813021200007],[-0.756004663999931,37.64183838100007],[-0.754819616999953,37.64114697100007],[-0.740568313999972,37.632832120000046],[-0.731733488999964,37.633300347000045],[-0.725300820999962,37.63720403700006],[-0.724338709999927,37.64344706000003],[-0.722630979999963,37.65452831700003],[-0.724531121999973,37.65822829100006],[-0.725238182999931,37.659605087000045],[-0.733117260999961,37.66390956500004],[-0.732843119999927,37.66833092200005],[-0.73526232599994,37.677435702000025],[-0.740520294999953,37.69722428500006],[-0.739790024999934,37.699042011000074],[-0.729497066999954,37.675745652000046],[-0.726541374999954,37.66905594600007],[-0.724225516999979,37.66568491500004],[-0.705823393999935,37.63889824900008],[-0.69739945799995,37.63189362500003],[-0.720954891999952,37.60700004500006],[-0.739077304999967,37.60318791800006],[-0.781538560999934,37.59425601200007],[-0.809000563999973,37.58126975600004],[-0.819442712999944,37.576331863000064],[-0.840214978999938,37.57762542200004],[-0.842186801999958,37.577893405000054],[-0.841825538999956,37.58066215600007],[-0.841743875999953,37.58200432900003],[-0.84154448299995,37.58528147100003],[-0.851135435999936,37.587152038000056],[-0.853844525999932,37.583080349000056],[-0.855318560999933,37.580864914000074],[-0.862073141999929,37.58010325500004],[-0.865807494999956,37.57968216200004],[-0.868530251999971,37.57776708700004],[-0.870923063999953,37.57608408200008],[-0.87258645299994,37.57629956300008],[-0.87663790299996,37.57682440200006],[-0.878677339999967,37.57409589400004],[-0.881645619999972,37.57012471200005],[-0.904059903999951,37.56389868800005],[-0.91940727399998,37.55606287000006],[-0.953421598999967,37.559483974000045],[-0.958489055999962,37.56271859200007],[-0.954833844999939,37.56607537100007],[-0.949537720999956,37.570939089000035],[-0.964497582999968,37.575104132000035],[-0.973781387999963,37.57768887800006],[-0.977110299999936,37.58330050400008],[-0.976336878999973,37.58616550000005],[-0.973870332999979,37.59530236000006],[-0.989833884999939,37.59824753000004],[-0.989580468999975,37.59152103200006],[-0.989300225999955,37.58408244000003],[-1.003457060999949,37.58510743900007],[-1.005539376999934,37.58525820500006],[-1.007576778999976,37.58320335500008],[-1.015942348999943,37.57476614300003],[-1.032483197999966,37.57819187900003],[-1.050912807999964,37.58200879300006],[-1.064840543999935,37.58041351600008],[-1.064915277999944,37.58040495600005],[-1.064982278999935,37.580423247000056],[-1.073829871999976,37.58283865900006],[-1.093352642999946,37.57184812200006],[-1.110108099999934,37.567731070000036],[-1.120058311999969,37.56124126800006],[-1.125722821999943,37.551779268000075],[-1.120107934999965,37.54663196900003],[-1.111461539999937,37.53870561700006],[-1.111610053999925,37.535749562000035],[-1.115214725999977,37.53493555000006],[-1.126312707999944,37.53869335600007],[-1.129050493999955,37.53962037800005],[-1.136166586999934,37.54019229000005],[-1.165303986999959,37.542534026000055],[-1.172371141999974,37.54920804500006],[-1.171560953999972,37.554885107000075],[-1.170964136999942,37.559067060000075],[-1.179268490999959,37.56552725100005],[-1.20016474099998,37.572718500000065],[-1.225240105999944,37.57433103400007],[-1.245969294999952,37.57544661600008],[-1.256167564999942,37.56743120200008],[-1.256286830999954,37.56693041500006],[-1.258033516999944,37.55959627000004],[-1.264896391999969,37.559403865000036],[-1.267670893999934,37.55457578800008],[-1.271118599999966,37.55545562700007],[-1.270584797999959,37.55955200500006],[-1.28689585099994,37.55711226000005],[-1.29571546699998,37.55918917500003],[-1.308347311999967,37.56216382500003],[-1.327146865999964,37.56128927900005],[-1.354151845999979,37.54997484900008],[-1.372634673999926,37.533007860000055],[-1.388643973999933,37.52505890800006],[-1.396235333999925,37.51751684800007],[-1.399609000999931,37.51254775500007],[-1.402900874999943,37.50769913500005],[-1.409972523999954,37.507031906000066],[-1.415685104999966,37.50649290800004],[-1.450860417999934,37.49274845800005],[-1.465379021999979,37.47997509600003],[-1.46852032299995,37.47370164600005],[-1.482192957999928,37.44581521200007],[-1.483181101999946,37.436521422000055],[-1.482867934999945,37.436190500000066],[-1.478340590999949,37.43140647300004],[-1.48160661999998,37.42679439400007],[-1.493647511999939,37.42264254200006],[-1.499703332999957,37.42767523200007],[-1.503667166999946,37.430969377000054],[-1.517775871999959,37.43116908600007],[-1.525260702999958,37.426398102000064],[-1.544820001999938,37.413930606000065],[-1.544909820999976,37.407611246000045],[-1.549545225999964,37.408116748000054],[-1.549261238999975,37.41162259300006],[-1.556059674999972,37.41152099400006],[-1.562226645999942,37.40543747900006],[-1.567197532999955,37.40620695000007],[-1.572726700999965,37.40706284100003],[-1.580436105999979,37.40135907100006],[-1.593249834999938,37.40050667000003],[-1.629967653999927,37.37515068600004],[-1.643687032999935,37.37171012700003],[-1.646775151999975,37.366409660000045],[-1.653168218999951,37.355436560000044],[-1.659845308999934,37.356897176000075],[-1.663520270999925,37.35770107600007],[-1.664407154999935,37.35789508200003],[-1.673402695999926,37.35533705700004],[-1.69106041699996,37.33529660200003],[-1.701853276999941,37.314576817000045],[-1.706131271999936,37.30636406000008],[-1.717127912999956,37.29718328000007],[-1.738882400999955,37.27902108200004],[-1.758861491999937,37.26234111200006],[-1.764053338999929,37.25487217600005],[-1.774690652999936,37.239569448000054],[-1.787978566999925,37.23329958900007],[-1.796273502999952,37.22938565100003],[-1.804055711999979,37.21884007400007],[-1.815907497999945,37.18851856500004],[-1.823513973999979,37.16954050600003],[-1.823276561999933,37.15167566100007],[-1.823268201999952,37.151046558000075],[-1.831395931999964,37.12383830400006],[-1.836725241999943,37.117269769000075],[-1.844841644999974,37.10726606000003],[-1.84971970099997,37.09127633300005],[-1.849829026999942,37.080804820000026],[-1.849955482999974,37.06869246200006],[-1.852632666999966,37.06496090700006],[-1.861077631999933,37.05319001400005],[-1.862309769999968,37.04853992400007],[-1.863101606999976,37.04555153200005],[-1.865992795999944,37.041481815000054],[-1.866634960999932,37.04120055000004],[-1.867695881999964,37.04073587200003],[-1.877090179999925,37.03333861800007],[-1.878045050999958,37.02183887700005],[-1.878703745999928,37.01390606100006],[-1.886560942999949,37.00738834200007],[-1.887645673999941,37.00648853400003],[-1.887975138999934,37.00498860600004],[-1.88982912299997,36.996548139000026],[-1.89575635999995,36.99178472700004],[-1.90017105499993,36.98823686700007],[-1.899509838999961,36.977947905000065],[-1.897771839999962,36.95090346400008],[-1.905340170999978,36.93698544200004],[-1.916494609999972,36.93477130900004],[-1.92422937799995,36.937661424000055],[-1.925205928999958,36.93802631500006],[-1.932922732999941,36.93842479700004],[-1.944399152999949,36.93370222900006],[-1.953137493999975,36.92430825400004],[-1.962418816999957,36.908379797000066],[-1.967495142999951,36.89966788900006],[-1.974237390999974,36.900241634000054],[-1.983181211999977,36.90100272700005],[-1.991503608999949,36.89045869600005],[-1.994732972999941,36.88636726500005],[-1.995289645999947,36.88606709600003],[-2.002154235999967,36.88236557400006],[-2.002053234999948,36.87818906800004],[-2.001853444999938,36.86992750200005],[-2.002535430999956,36.86780401900006],[-2.004870240999935,36.86053418400007],[-2.002986583999927,36.858087553000075],[-1.996769397999969,36.850012219000064],[-2.000300316999926,36.84594073100004],[-2.000574989999961,36.840000160000045],[-2.007969116999959,36.83480702500003],[-2.014273150999941,36.834811322000064],[-2.024029304999942,36.834817971000064],[-2.04247145599993,36.81915649600006],[-2.059045044999948,36.810176166000076],[-2.062418125999955,36.802805567000064],[-2.063118864999979,36.78764125500004],[-2.063640736999957,36.77634769700006],[-2.086238295999976,36.76442686900003],[-2.098365623999939,36.76293681400006],[-2.105786509999973,36.76202502800004],[-2.10806432499993,36.75548162500007],[-2.109641468999939,36.75095101800008],[-2.112951657999929,36.74945536100006],[-2.120818056999951,36.74590105100003],[-2.12028096399996,36.74052274100006],[-2.120223995999936,36.74048829600008],[-2.115715869999974,36.73776249800005],[-2.124350835999962,36.73239019700003],[-2.136092103999943,36.72949145500007],[-2.149743691999959,36.730398259000026],[-2.153199573999927,36.73062781500005],[-2.155073843999958,36.729646470000034],[-2.156225438999968,36.729043509000064],[-2.167840557999966,36.72296197600008],[-2.177980120999962,36.723892576000026],[-2.184045904999948,36.72140355100004],[-2.193117594999933,36.72208795600005],[-2.200729851999938,36.729043509000064],[-2.202260443999933,36.73044205800005],[-2.21571468999997,36.74536601700004],[-2.259597202999942,36.79404216300003],[-2.291974512999957,36.819660456000065],[-2.319791376999945,36.83386238300005],[-2.331485250999947,36.83573559100006],[-2.367045502999929,36.841431886000066],[-2.405004841999926,36.82547397700006],[-2.418069140999933,36.816481708000026],[-2.42568212599997,36.81124162500004],[-2.430033113999968,36.81117660500007],[-2.435510097999952,36.81560424300005],[-2.445283351999933,36.82239232400008],[-2.454181193999943,36.82857238200006],[-2.472614447999945,36.836412848000066],[-2.486673696999958,36.83103709000005],[-2.50287401099996,36.82484266400007],[-2.515147174999925,36.82466300600004],[-2.525154129999976,36.82451652100008],[-2.530515391999927,36.821222671000044],[-2.533877611999969,36.81915699100006],[-2.543164847999947,36.818390959000055],[-2.553764366999928,36.81751668600003],[-2.562103800999978,36.81611881300006],[-2.568638781999937,36.811024],[-2.598630090999961,36.77619894400004],[-2.600462038999979,36.770568258000026],[-2.60613116299993,36.75314360300007],[-2.620154059999948,36.727025635000075],[-2.646387171999947,36.70260501400003],[-2.657162684999946,36.69771601000008],[-2.671316833999924,36.69529913200006],[-2.701459386999943,36.682931333000056],[-2.709625219999964,36.68374688500006],[-2.72272389099993,36.68505509800008],[-2.73899010699995,36.68299848100003],[-2.757580099999927,36.68064805800003],[-2.772040971999957,36.68164896300004],[-2.786393759999953,36.691846558000066],[-2.786690938999925,36.69205770200006],[-2.799229865999962,36.700966556000026],[-2.810439492999933,36.70494577900007],[-2.83173619799993,36.704105785000024],[-2.83682590899997,36.70116275600003],[-2.846464049999952,36.69558968200005],[-2.857878943999935,36.69932532000007],[-2.86944422199997,36.71097230700008],[-2.88511618299998,36.726754990000074],[-2.907106992999957,36.74305738400005],[-2.920701306999945,36.75043062100008],[-2.931609106999929,36.75078945900003],[-2.94805426399995,36.74851364400007],[-2.964506870999969,36.74262353700004],[-2.976080420999949,36.73848015500005],[-2.982019987999934,36.740369427000076],[-2.992295197999965,36.74363779200007],[-3.011589638999965,36.74331477700008],[-3.025905576999946,36.74585473800005],[-3.03340516999998,36.747185331000026],[-3.062981358999934,36.74617585800007],[-3.072080137999933,36.74586530500005],[-3.128676713999937,36.75088743200007],[-3.145707834999939,36.745344567000075],[-3.167724,36.745413418000055],[-3.170017282999936,36.74637090600004],[-3.17514463599997,36.748511671000074],[-3.199975581999979,36.75005460800003],[-3.202222248999931,36.749261861000036],[-3.212262736999946,36.74571902500003],[-3.228044399999931,36.75083792500004],[-3.233344921999958,36.750099275000025],[-3.243320959999949,36.75295118300005],[-3.248982337999962,36.75456963400006],[-3.261510119999969,36.75133228400006],[-3.272526033999952,36.74848562100004],[-3.304882723999981,36.73790364400003],[-3.319062817999963,36.741555549000054],[-3.319207215999938,36.741592737000076],[-3.338398208999934,36.738399462000075],[-3.350208472999952,36.729461607000076],[-3.359917977999942,36.71983337700004],[-3.365138832999946,36.714656224000066],[-3.371972596999967,36.71363927500005],[-3.38674326499995,36.71144121700007],[-3.395232282999928,36.70640145400006],[-3.411185103999969,36.70298813000005],[-3.41466098899997,36.699958380000055],[-3.420906706999972,36.694514309000056],[-3.464846998999974,36.69465036300005],[-3.480946330999927,36.697438342000055],[-3.497502058999942,36.70877198200003],[-3.500658284999929,36.71093265600007],[-3.514066292999928,36.72077324800006],[-3.525808711999957,36.72396959900004],[-3.537914936999925,36.72158485500006],[-3.541018342999962,36.719937608000066],[-3.550391658999956,36.71496237700006],[-3.567068432999974,36.71903986700005],[-3.581071044999931,36.72441443200006],[-3.593559655999968,36.73614768200008],[-3.60180702599996,36.74389621700004],[-3.612878981999927,36.74342307500007],[-3.637696778999953,36.74236252600008],[-3.649391926999954,36.744205211000065],[-3.659791484999971,36.74584376400003],[-3.670064246999971,36.73716572700005],[-3.678009800999973,36.73045362700003],[-3.695154729999956,36.729129482000076],[-3.701356248999957,36.73189242500007],[-3.704120906999947,36.73312415500004],[-3.718189425999981,36.732407945000034],[-3.725542218999976,36.72885112300003],[-3.728835278999952,36.72425091400004],[-3.732023682999966,36.71979690300003],[-3.735918918999971,36.72188745100004],[-3.736532875999956,36.72479612500007],[-3.737524292999979,36.72949304800005],[-3.748214778999966,36.73693622500008],[-3.756682589999969,36.737531287000024],[-3.762114113999928,36.73300355600003],[-3.766608135999945,36.72925732900006],[-3.777457583999933,36.73792632300007],[-3.792606021999973,36.74590800900006],[-3.835656795999967,36.75357260000004],[-3.862173935999976,36.751554612000064],[-3.871483751999961,36.74678424000007],[-3.881107631999953,36.74185294100005],[-3.893580271999951,36.74199083000008],[-3.910693824999953,36.74218002600003],[-3.943955636999931,36.73106287500008],[-3.957300366999959,36.726602643000035],[-3.966177232999939,36.72929076200006],[-4.000930167999968,36.73981475100004],[-4.041710984999952,36.744167505000064],[-4.059641877999979,36.74760044100003],[-4.078046460999929,36.74734372900008],[-4.09600658599993,36.73320999200007],[-4.10311134799997,36.727618893000056],[-4.127309426999943,36.72364691300004],[-4.179042672999969,36.71498225100004],[-4.232168040999966,36.712391136000065],[-4.250230516999977,36.71025273600003],[-4.284720826999944,36.71398694000004],[-4.314671077999947,36.71279911600004],[-4.340249791999952,36.71283839000006],[-4.366181730999926,36.71756351100004],[-4.391065563999973,36.72209765500003],[-4.404396326999972,36.71933970300006],[-4.406328717999941,36.71812448900005],[-4.413207340999975,36.71379875800005],[-4.414011459999927,36.71524835300005],[-4.415183044999935,36.71736038100005],[-4.432196827999974,36.70303271900008],[-4.435314604999974,36.69770499100008],[-4.454501013999959,36.66491882400004],[-4.473467790999962,36.64787202000008],[-4.476463753999951,36.645179333000044],[-4.491614220999963,36.62417044700004],[-4.509510716999955,36.59935369100003],[-4.511601284999927,36.59495166200003],[-4.523038552999935,36.59169472800005],[-4.52464284499996,36.59123788200003],[-4.531392472999926,36.58642369700004],[-4.540589983999951,36.57986355400004],[-4.546428952999975,36.579805917000044],[-4.559535738999955,36.57967654000004],[-4.589918601999955,36.57133855300003],[-4.610949096999946,36.554601484000045],[-4.623413511999956,36.53058819800003],[-4.629378378999945,36.51909660000007],[-4.639435969999965,36.50710993800004],[-4.650438462999944,36.505969924000055],[-4.675736983999968,36.50334863900008],[-4.682335430999956,36.498914024000044],[-4.69415502499993,36.490970435000065],[-4.732055306999939,36.48645797300003],[-4.758466510999938,36.48605832900006],[-4.844676368999956,36.50423876900004],[-4.859662192999963,36.50739906700005],[-4.910330112999929,36.50561730000004],[-4.937526964999961,36.49838132200006],[-4.946187961999954,36.492117851000046],[-4.955867853999962,36.48511753500003],[-4.968038474999958,36.48051578400003],[-4.978220525999973,36.47666591800004],[-4.994647421999957,36.46638710900004],[-5.00550226799993,36.45959490200005],[-5.012699970999961,36.46002664200006],[-5.032251912999925,36.461199426000064],[-5.049829492999947,36.45412300800007],[-5.058966967999936,36.45044442400007],[-5.074549709999928,36.45019246600003],[-5.082033423999974,36.45007146200004],[-5.08852765499995,36.446474254000066],[-5.097777385999962,36.44135075200006],[-5.118883376999975,36.429659971000035],[-5.13869478099997,36.42672267900008],[-5.160998875999951,36.414268449000076],[-5.171182340999962,36.41448866600007],[-5.176094033999959,36.41459488100003],[-5.202618538999957,36.389344841000025],[-5.206166272999951,36.38596757100004],[-5.207335614999977,36.38499194700006],[-5.221085239999979,36.373520142000075],[-5.225396449999948,36.36325169200006],[-5.246556708999947,36.31285214600007],[-5.252405121999971,36.31127557600007],[-5.26751220899996,36.30067506300003],[-5.27071293299997,36.29549081600004],[-5.271006362999969,36.29167318100008],[-5.273816669999974,36.29018668700007],[-5.275674397999978,36.28349364200005],[-5.28079693199993,36.27700087200003],[-5.283479024999963,36.27127997700006],[-5.286487412999975,36.264863096000056],[-5.296547866999958,36.24590703500007],[-5.308009545999937,36.239706445000024],[-5.310645966999971,36.23828018200004],[-5.317553262999979,36.22782693900007],[-5.328949886999965,36.197572111000056],[-5.339031880999926,36.15336726400005],[-5.33922483799995,36.152035074000025],[-5.344010474999948,36.15263353300003],[-5.351599546999978,36.15259099800005],[-5.351427162999926,36.153360629000076],[-5.358873563999964,36.16312234600008],[-5.370684876999974,36.169269479000036],[-5.375635904999967,36.16947764500003],[-5.380829718999962,36.169696018000025],[-5.380511159999969,36.17272335500007],[-5.380226246999939,36.17543094600006],[-5.385749677999968,36.17984307000006],[-5.413913132999937,36.18000004900006],[-5.430935056999942,36.172619171000065],[-5.444269561999931,36.15551345700004],[-5.446023011999955,36.14081950000008],[-5.44353382099996,36.13475082100007],[-5.439566477999961,36.134670338000035],[-5.438573181999971,36.13465018800008],[-5.438976405999938,36.13320843500003],[-5.440554021999958,36.12756756500005],[-5.436573056999976,36.12672743100006],[-5.433620330999929,36.12610429500006],[-5.437038640999958,36.12275999600007],[-5.44036848099995,36.119502252000075],[-5.437902432999977,36.11539926800003],[-5.433338812999978,36.10780636800007],[-5.439529860999926,36.10153126800003],[-5.440595759999951,36.100450899000066],[-5.442338464999978,36.09024257400006],[-5.435759033999943,36.08666682200004],[-5.42861176599996,36.08278246500004],[-5.427731825999956,36.07546817200006],[-5.455538514999944,36.05427678600006],[-5.466253162999976,36.05089175200004],[-5.476716594999971,36.05252951500006],[-5.484998979999943,36.053825895000045],[-5.495064684999932,36.05021305500003],[-5.500092349999932,36.047373168000036],[-5.51736589199993,36.037616169000046],[-5.538011061999953,36.03181908900007],[-5.572788308999975,36.01594950300006],[-5.607327565999981,36.00822905700005],[-5.628504742999951,36.03228644100005],[-5.636362962999954,36.041213421000066],[-5.653303407999942,36.05334897900008],[-5.665200795999965,36.05639120500007],[-5.669335058999934,36.057448358000045],[-5.680116091999935,36.06256939200006],[-5.689699367999935,36.067121487000065],[-5.703090753999959,36.06197950300003],[-5.710368976999973,36.059184833000074],[-5.722900956999979,36.06054697500008],[-5.750172529999929,36.07134983800006],[-5.76895508299998,36.082832421000035],[-5.776880619999929,36.08767764300006],[-5.782617675999973,36.08751072900003],[-5.786578386999963,36.08348975200005],[-5.789791252999976,36.080228],[-5.796911471999977,36.07862401500006],[-5.820792120999954,36.10163373900008],[-5.825044686999945,36.10293174200007],[-5.835870635999925,36.11831632900004],[-5.841857026999946,36.12682349600004],[-5.879798929999936,36.161494893000054],[-5.915271674999929,36.184648784000046],[-5.929966306999972,36.186379733000024],[-5.934287964999953,36.18302919400003],[-5.946402356999954,36.18592846300004],[-5.972496666999973,36.17880569600004],[-5.977767997999933,36.17736682000003],[-5.987323677999939,36.17930959100005],[-6.020849022999926,36.18612564700004],[-6.026403564999953,36.18414619600003],[-6.033443790999968,36.181637297000066],[-6.054518743999949,36.20550315000003],[-6.079207875999941,36.24317921000005],[-6.082990782999957,36.250896485000055],[-6.083323909999933,36.25281483800006],[-6.084570012999961,36.25615281100005],[-6.085054387999946,36.25721182600006],[-6.088553943999955,36.264863096000056],[-6.102088368999944,36.28312129500006],[-6.112835902999961,36.292513314000075],[-6.12851739599995,36.29487284500004],[-6.143070992999981,36.297062666000045],[-6.151969961999953,36.30821184800004],[-6.162141926999936,36.330009723000046],[-6.163934229999938,36.33457111300004],[-6.169143964999932,36.347829828000044],[-6.181564415999958,36.36756070300004],[-6.202939208999965,36.38184255200008],[-6.211367847999952,36.387474257000065],[-6.218109475999938,36.392789605000075],[-6.218553766999946,36.397605214000066],[-6.219005122999931,36.402497390000065],[-6.225498824999931,36.41793301000007],[-6.235180466999964,36.437065595000036],[-6.239927243999944,36.44135075200006],[-6.242663757999935,36.44382114300004],[-6.246923589999938,36.44835831700004],[-6.250372481999932,36.45203175200004],[-6.256368638999959,36.46921336300005],[-6.249889941999925,36.467418802000054],[-6.236044825999954,36.463583785000026],[-6.22675554999995,36.466560670000035],[-6.213485467999931,36.46989447000004],[-6.213079574999938,36.47359324800004],[-6.212321256999928,36.48050358000006],[-6.20244669799996,36.48409462400008],[-6.194167178999976,36.48710560600006],[-6.192662856999959,36.493757463000065],[-6.191543152999941,36.498708607000026],[-6.180250966999949,36.50796151700007],[-6.176876503999949,36.50934857900006],[-6.172821112999941,36.51101553400008],[-6.172553639999933,36.517495917000076],[-6.17478330199998,36.52172468200007],[-6.18371403499998,36.52476451200005],[-6.198526342999969,36.52634523800003],[-6.198148811999943,36.52343691500005],[-6.197916382999949,36.521646385000054],[-6.208049419999952,36.51016197400003],[-6.219479791999959,36.50948908300006],[-6.227697410999951,36.50607858500007],[-6.228581409999947,36.505711706000056],[-6.23196311199996,36.504308223000066],[-6.246455026999968,36.51024093800004],[-6.249197709999976,36.514003340000045],[-6.248480908999966,36.51512735400007],[-6.24734237399997,36.51691268800005],[-6.25086655299998,36.51904370200003],[-6.256362268999965,36.52236687300007],[-6.254696592999949,36.528624484000034],[-6.246043566999958,36.527549477000036],[-6.234467726999981,36.52611135400008],[-6.233513370999958,36.52899552200006],[-6.224213752999958,36.56080162200004],[-6.226693513999976,36.575218595000024],[-6.231035209999959,36.580373165000026],[-6.237510493999935,36.57912911600005],[-6.235563467999953,36.58326960800008],[-6.240724541999953,36.58530730600006],[-6.253984018999972,36.580663327000025],[-6.258241898999927,36.579172054000026],[-6.265855453999961,36.58056926100005],[-6.269471662999933,36.58688703200005],[-6.275926260999938,36.59816366900003],[-6.28744095199994,36.61053517600004],[-6.299046144999977,36.617546031000074],[-6.304435163999926,36.61694817000006],[-6.310632484999928,36.61626063600005],[-6.312819102999981,36.61847418000008],[-6.316619232999926,36.62232110400004],[-6.327970229999949,36.62441642500005],[-6.333602260999953,36.62225704300005],[-6.334945660999949,36.62174196900003],[-6.337312370999939,36.62293234200007],[-6.343038306999972,36.625812289000066],[-6.354201935999981,36.622113428000034],[-6.355910667999979,36.619750140000065],[-6.358797289999927,36.615757753000025],[-6.38771847199996,36.62887231000008],[-6.394368752999981,36.634475671000075],[-6.393954361999931,36.64070256800005],[-6.393705325999974,36.64444473200007],[-6.39935294299994,36.65864108100004],[-6.405337310999926,36.663382426000055],[-6.412942308999959,36.67611790600006],[-6.421233556999937,36.69000259200004],[-6.422593283999959,36.69147790100004],[-6.428796770999952,36.70196393300006],[-6.439262157999963,36.71965404600007],[-6.442070957999931,36.737273913000024],[-6.429798266999967,36.74741538400008],[-6.428010006999955,36.746746561000066],[-6.422593283999959,36.74472066300007],[-6.414830570999925,36.750985376000074],[-6.412942308999959,36.75414206900007],[-6.410913774999926,36.75753326200004],[-6.409190526999964,36.760414095000044],[-6.405306472999939,36.761071135000066],[-6.396741601999963,36.76251999700003],[-6.344408700999963,36.79308199500008],[-6.34556101499993,36.79876695000007],[-6.371892609999975,36.79547216700007],[-6.393255687999954,36.804194077000034],[-6.398954450999952,36.81097198900005],[-6.41172351299997,36.837133194000046],[-6.412942308999959,36.839630260000035],[-6.422593283999959,36.85940314000004],[-6.442680515999939,36.897803157000055],[-6.457420669999976,36.91815971400007],[-6.510759310999958,36.968822603000035],[-6.593737086999965,37.02115754000005],[-6.720734291999975,37.085432378000064],[-6.729804811999941,37.09002307900005],[-6.79570268599997,37.121155196000075],[-6.837939675999962,37.135988894000036],[-6.863511715999948,37.14496983600003],[-6.866188467999962,37.14590991500006],[-6.884184734999963,37.15577654100008],[-6.892726775999961,37.160459797000044],[-6.899965680999969,37.158008566000035],[-6.90208854399998,37.157201833000045],[-6.910609102999956,37.153963840000074],[-6.916882901999941,37.157636886000034],[-6.921505977999971,37.160343502000046],[-6.93419731299997,37.16411382600006],[-6.940573170999926,37.16600795700003],[-6.944132456999967,37.164702797000075],[-6.951188600999956,37.170469893000075],[-6.951247939999973,37.170518392000076],[-7.021998908999933,37.20131152100004],[-7.051857821999931,37.20842341300005],[-7.05449579499998,37.20702823800008],[-7.055658192999942,37.20641346700006],[-7.070952871999964,37.20656448900007],[-7.154380834999927,37.207388267000056],[-7.230798409999977,37.203774116000034],[-7.284811829999967,37.20061439700004],[-7.327402989999939,37.192927533000045],[-7.332801092999944,37.189666439000064],[-7.333704379999972,37.18808789600007],[-7.335788673999957,37.18444547900003],[-7.364490872999966,37.172008326000025],[-7.380570983999974,37.171832410000036],[-7.38640746699997,37.173926591000054],[-7.393878794999978,37.17660736800008],[-7.401916633999974,37.17482748000003],[-7.406917029999931,37.18202966600006],[-7.407957363999969,37.184818592000056],[-7.409530599999925,37.19558696400003],[-7.412510260999966,37.207699098000035],[-7.413405756999964,37.21045286900005],[-7.413322089999951,37.21904457900007],[-7.413280016999977,37.22336506200003],[-7.418465199999957,37.236057747000075],[-7.424094818999947,37.24086973400006],[-7.432938441999966,37.248428930000046],[-7.431574894999926,37.25939219000003],[-7.42752023099996,37.26632539700006],[-7.422616178999931,37.27471100200006],[-7.427580108999962,37.28139537900006],[-7.433861469999954,37.289853797000035],[-7.442034671999977,37.31516664000003],[-7.440550268999971,37.32694268600005],[-7.440359592999926,37.328455355000074],[-7.440487576999942,37.32907708100004],[-7.443699422999941,37.34467972500005],[-7.439739753999959,37.354537264000044],[-7.438196342999959,37.35837956300003],[-7.437470287999929,37.37029165900003],[-7.438927654999929,37.37950162000004],[-7.44123345099996,37.39172649900007],[-7.450123294999969,37.402590014000054],[-7.456938655999977,37.40710351300004],[-7.461229215999936,37.409944953000036],[-7.454221799999971,37.41460895000006],[-7.447391193999977,37.41915526500003],[-7.45130917399996,37.42376847200006],[-7.457336088999966,37.43086483600007],[-7.457433222999953,37.447759811000026],[-7.457454457999972,37.45145339800007],[-7.459023569999943,37.45399009400006],[-7.46863555799996,37.46952926400007],[-7.466711156999963,37.48410669200007],[-7.465928893999944,37.490032374000066],[-7.472230858999978,37.49300361400003],[-7.48486427399996,37.49895999600005],[-7.491823450999959,37.51601774200003],[-7.494365565999942,37.522248760000025],[-7.501167998999961,37.522666368000046],[-7.506782667999971,37.523011058000066],[-7.512691485999937,37.52625636400006],[-7.512983407999968,37.52840989200007],[-7.512671008999973,37.53789505200007],[-7.513325774999942,37.539760337000075],[-7.514790632999961,37.542083363000074],[-7.517368652999949,37.54443406100006],[-7.518116904999943,37.545116335000046],[-7.519933868999942,37.54729862100004],[-7.522943495999925,37.553451524000025],[-7.517954931999952,37.55950433500004],[-7.516758126999946,37.55937209200005],[-7.507563759999925,37.55835614700004],[-7.507894060999945,37.56543284000003],[-7.511958187999937,37.566433388000064],[-7.513937326999951,37.56692063200006],[-7.514802222999947,37.56995482700006],[-7.505558829999927,37.57584762600004],[-7.501495532999968,37.57843803700007],[-7.502012174999948,37.581065188000025],[-7.502066393999939,37.58134089500004],[-7.501396643999954,37.58374415700007],[-7.500468879999971,37.58592121700008],[-7.497257084999944,37.59345790500004],[-7.499829635999959,37.59853041300005],[-7.50276428199993,37.60431689300003],[-7.497889604999955,37.60452411000006],[-7.488924319999967,37.60490521400004],[-7.481221547999951,37.61827448500003],[-7.481256900999938,37.62305570900003],[-7.481264110999973,37.62403080300004],[-7.480250422999973,37.62417709400006],[-7.471485376999965,37.62544202300006],[-7.47023612199996,37.63512184500007],[-7.464553848999969,37.641434453000045],[-7.464598698999964,37.64161571900007],[-7.466355872999941,37.64871759300007],[-7.458735368999953,37.64814844400007],[-7.454509148999932,37.64783280200004],[-7.452496442999973,37.65812320400005],[-7.453332935999981,37.659033556000054],[-7.455977046999976,37.66191113000008],[-7.451837563999959,37.66324410000004],[-7.446481741999946,37.664968748000035],[-7.448935701999972,37.67141492300004],[-7.451487444999941,37.678117961000055],[-7.444432044999928,37.68820477600008],[-7.446621538999977,37.69874672000003],[-7.439286252999977,37.70115247700005],[-7.437826495999957,37.713276697000026],[-7.427242025999931,37.732547871000065],[-7.428058335999935,37.741127024000036],[-7.423381882999934,37.74336724900007],[-7.419668344999934,37.745146195000075],[-7.420241702999931,37.752209107000056],[-7.42075200599993,37.758495278000055],[-7.416670559999943,37.75961380500007],[-7.413846914999965,37.760387629000036],[-7.41097535199998,37.76316739600003],[-7.407528312999943,37.76650424200005],[-7.405906752999954,37.76633000700008],[-7.396253072999968,37.76529272700003],[-7.363560897999946,37.79275219400006],[-7.355836423999961,37.79924028900007],[-7.335947156999964,37.80998210800004],[-7.323879847999933,37.816499434000036],[-7.321145305999949,37.82197275200008],[-7.320276628999977,37.823711450000076],[-7.31930727799994,37.824393427000075],[-7.316534822999927,37.82634395800005],[-7.314340281999932,37.828639880000026],[-7.312113777999969,37.83348869500003],[-7.309794875999955,37.836555529000066],[-7.307987401999981,37.83772661100005],[-7.305399302999945,37.83874858200005],[-7.303359088999969,37.839554],[-7.300604675999978,37.842972392000036],[-7.298248370999943,37.852127918000065],[-7.297137213999974,37.85644536600006],[-7.290796075999936,37.86194255800007],[-7.286616352999943,37.865566],[-7.280426974999955,37.87707113100004],[-7.281248907999952,37.889068259000055],[-7.281798404999961,37.89708884700008],[-7.278232618999937,37.89842654000006],[-7.274551826999925,37.89980737700006],[-7.261657018999927,37.92314373100004],[-7.255735638999965,37.92411488400006],[-7.257128456999965,37.932161345000054],[-7.249484784999936,37.95536554300003],[-7.250943332999952,37.964594919000035],[-7.255134453999972,37.96972217600006],[-7.26259042099997,37.978843520000055],[-7.24690533699993,37.99032205300006],[-7.240791624999929,37.991842560000066],[-7.233255593999957,37.990511785000024],[-7.225713620999954,37.98917996000006],[-7.208121286999926,37.997062124000024],[-7.204785965999974,38.00058175600003],[-7.202714195999931,38.00276801200005],[-7.187080155999979,38.00314022600003],[-7.183738623999943,37.99866806800003],[-7.18319226999995,37.997936852000066],[-7.172890373999962,37.99405019400007],[-7.155695137999942,37.99470311400006],[-7.152247462999981,37.99744088800003],[-7.146359501999939,38.00211647500004],[-7.135966590999942,38.001177562000066],[-7.131818922999969,38.00080285400003],[-7.122852530999978,38.00542397500004],[-7.128418150999948,38.01124762200004],[-7.128407908999975,38.01341178600006],[-7.128381948999959,38.01889683700006],[-7.131638820999967,38.021241083000064],[-7.126362191999931,38.02420722200003],[-7.127107896999973,38.029982835000055],[-7.11733406299993,38.031869019000055],[-7.117104099999949,38.03191339800003],[-7.116924899999958,38.032077154000035],[-7.107685960999959,38.04051985000007],[-7.098616137999954,38.04316813200006],[-7.093281527999977,38.04073738500006],[-7.068309042999942,38.03247558800007],[-7.062364075999938,38.02290097800005],[-7.059695562999934,38.01860323000005],[-7.044540083999948,38.01580314700004],[-7.034157393999976,38.02014948600004],[-7.024441328999956,38.02421676700004],[-7.015555045999974,38.02327924800005],[-7.005640451999966,38.02223324100004],[-7.00042547299995,38.033417228000076],[-7.000474297999972,38.038658070000054],[-7.000550894999947,38.04687980400007],[-6.99370734699994,38.05493606700003],[-6.990157849999946,38.059114555000065],[-6.990066946999946,38.07110392300007],[-6.989909878999981,38.09181986400006],[-6.989173703999938,38.09443649100007],[-6.989780523999968,38.09636283700007],[-6.988858556999958,38.09807964500004],[-6.987446139999975,38.103954531000056],[-6.984571290999952,38.10419548800007],[-6.978423729999975,38.10471074900005],[-6.971907891999933,38.110736573000054],[-6.967530689999933,38.12689450600004],[-6.967101839999941,38.128477556000064],[-6.966027519999955,38.13244328600007],[-6.963598064999928,38.13334770900008],[-6.958918593999954,38.135089755000024],[-6.959893991999934,38.138496271000065],[-6.960592821999967,38.140936890000035],[-6.960117,38.14269352500003],[-6.958350173999975,38.14921627700005],[-6.953522052999972,38.15279597500006],[-6.962652636999962,38.15610343800006],[-6.965466739999954,38.15712281900005],[-6.968410098999925,38.16538759800005],[-6.95726170699993,38.18246385700007],[-6.947230728999955,38.190407513000025],[-6.937218160999976,38.19833659000005],[-6.931738572999961,38.208378046000064],[-6.937553891999926,38.20835530100004],[-6.937714485999948,38.21370069000005],[-6.937894599999936,38.21969579300003],[-6.942598832999977,38.216078863000064],[-6.947249083999964,38.212503437000066],[-6.948231563999968,38.21495572600003],[-6.949169179999956,38.21729603400007],[-6.95639506599997,38.21647325400005],[-6.961112506999939,38.21238733600006],[-6.971441732999949,38.20344088100006],[-6.978423729999975,38.20746301300005],[-6.979729392999957,38.20867522900005],[-6.981718072999968,38.210521580000034],[-6.990508572999943,38.20652591900006],[-6.996132947999968,38.20396939800003],[-7.00266437099998,38.20410211800004],[-7.010349048999956,38.20425827300005],[-7.010418878999928,38.19940736400008],[-7.010447474999978,38.19742091200004],[-7.013576469999975,38.19680458400006],[-7.015670002999968,38.19639221500006],[-7.017067938999958,38.193926591000036],[-7.019016839999949,38.19048919800008],[-7.028379196999936,38.18320879100003],[-7.034326645999954,38.18500329200003],[-7.039971338999976,38.18670644400004],[-7.04562293999993,38.185138548000054],[-7.046524857999941,38.18408190100007],[-7.049582328999975,38.180499902000065],[-7.058434341999941,38.17889244400004],[-7.057334529999935,38.18326539200007],[-7.056898175999947,38.185000374000026],[-7.065096970999946,38.18630361000004],[-7.066974522999942,38.18160942500003],[-7.068175836999956,38.178605944000026],[-7.084808103999933,38.170407440000076],[-7.08893257699998,38.17691387200006],[-7.08950626099994,38.17781886900008],[-7.091102289999981,38.17819239900007],[-7.097781097999928,38.17975548800007],[-7.107952585999953,38.188121617000036],[-7.11849915199997,38.21421674000004],[-7.128135462999978,38.22481717000005],[-7.141758911999943,38.239803652000035],[-7.144080730999974,38.25380810200005],[-7.145538034999959,38.262598076000074],[-7.159047821999934,38.27949913600003],[-7.159930613999961,38.27955244100008],[-7.16855983399995,38.28007348800003],[-7.168373370999973,38.28451536600005],[-7.183008174999941,38.29682322200006],[-7.194283218999942,38.31526656600005],[-7.203171914999928,38.32980640200003],[-7.23031782299995,38.35462052400004],[-7.260543396999935,38.384152881000034],[-7.268306119999977,38.39173756800005],[-7.274314534999974,38.40473731700007],[-7.280982054999981,38.41916309800007],[-7.286476845999971,38.42366552300007],[-7.29354208899997,38.427710227000034],[-7.29720277499996,38.42664221200005],[-7.299033269999939,38.42610816000007],[-7.304721375999975,38.43020965300008],[-7.317968200999928,38.43976147200004],[-7.322664108999959,38.43872315700003],[-7.335693850999974,38.43584214500004],[-7.330640078999977,38.443670834000045],[-7.323783442999968,38.44639196300005],[-7.315979655999968,38.44948898000007],[-7.314049130999933,38.45718325800004],[-7.313260971999966,38.460324538000066],[-7.309669149999934,38.462038832000076],[-7.30253001899996,38.46544617500007],[-7.297765857999934,38.47344209000005],[-7.296307185999979,38.47925214300005],[-7.300053589999948,38.48267582600005],[-7.306832106999934,38.481770288000064],[-7.310547750999945,38.47861206700003],[-7.314628582999944,38.475143443000036],[-7.32181221999997,38.47814408100004],[-7.311191310999959,38.516235993000066],[-7.308798164999928,38.51926287600003],[-7.30256739999993,38.52714363200005],[-7.302993428999969,38.53832593000004],[-7.303188036999927,38.54343395800004],[-7.29714605199996,38.550440078000065],[-7.296022767999943,38.55173280300005],[-7.289493663999963,38.559246786000074],[-7.288456882999981,38.562882106000075],[-7.285368632999962,38.57371059900004],[-7.279846431999943,38.57557071000008],[-7.273971184999937,38.57754974300008],[-7.261770697999964,38.59536756600005],[-7.260625980999976,38.59733606300006],[-7.260409223999943,38.60415259000007],[-7.260351988999957,38.604298276000065],[-7.259490752999966,38.606490450000024],[-7.255371208999975,38.61163809400006],[-7.244885501999931,38.62474068200004],[-7.249738826999931,38.628556477000075],[-7.255862051999941,38.628640347000044],[-7.264243285999953,38.628755144000024],[-7.269181725999943,38.63700845900007],[-7.265843866999944,38.684785015000045],[-7.264752570999974,38.70040532100006],[-7.259251030999962,38.709080509000046],[-7.253739264999979,38.71777182400007],[-7.253459646999943,38.72010550300007],[-7.252485606999926,38.72823479400006],[-7.240237155999978,38.73557381300003],[-7.234914068999956,38.736351513000045],[-7.225678794999965,38.73770078100006],[-7.203134912999928,38.75101749100003],[-7.191806791999966,38.76800512300008],[-7.175389552999945,38.77426063000007],[-7.168418347999932,38.77691688800007],[-7.15811187099996,38.78463356300006],[-7.155347579999955,38.79105040600007],[-7.153934136999965,38.79433147800006],[-7.12886323999993,38.813490510000065],[-7.113222925999935,38.81712502600004],[-7.107026319999932,38.81673923000005],[-7.095111721999956,38.81599743500004],[-7.09003045999998,38.81863731800007],[-7.075784244999966,38.84146719200004],[-7.067875250999975,38.85414153000005],[-7.054614031999961,38.85926856100008],[-7.040875591999963,38.864580094000075],[-7.033953119999978,38.877541300000075],[-7.035216994999928,38.882200038000065],[-7.037010161999945,38.88330833600003],[-7.039466653999966,38.88482661300003],[-7.040245581999955,38.89111927700003],[-7.04089141999998,38.89633676100004],[-7.043409263999934,38.89875703200005],[-7.051025884999945,38.90607848700006],[-7.044743668999956,38.910879701000056],[-7.02735477899995,38.92416924400004],[-7.018782428999941,38.94238427100004],[-6.985297352999964,38.97873378500003],[-6.963958382999976,39.01236472200003],[-6.952703360999976,39.02341479900008],[-6.956454994999945,39.02757168900007],[-6.966426567999974,39.03862040400003],[-6.965526704999945,39.04247308200007],[-6.965153623999981,39.04509759800004],[-6.96192347799996,39.053184497000075],[-6.960465524999961,39.05683458400006],[-6.981930252999973,39.088358680000056],[-6.996153526999933,39.099194295000075],[-7.029584177999936,39.11616586800005],[-7.051960738999981,39.117884410000045],[-7.098121661999926,39.10559120500005],[-7.100973110999973,39.10330721300005],[-7.105870918999926,39.099384101000055],[-7.143881818999944,39.10932165200006],[-7.148076617999948,39.119086923000054],[-7.148648557999934,39.12261504400004],[-7.145880763999969,39.127796190000026],[-7.137426975999972,39.14362117500008],[-7.139374830999941,39.15065140200005],[-7.134244064999962,39.15950543500003],[-7.133388982999975,39.16774400500003],[-7.137471154999957,39.172006241000076],[-7.171191212999929,39.180633525000076],[-7.195928778999928,39.185308451000026],[-7.20764365499997,39.187522338000065],[-7.222288379999952,39.19387622900007],[-7.231393231999959,39.20320523300006],[-7.241359373999956,39.20858046700005],[-7.241069670999934,39.21284297300008],[-7.240677796999933,39.21860875200008],[-7.241973434999977,39.22138984000003],[-7.245000266999966,39.227886940000076],[-7.24342407599994,39.23510851200007],[-7.242181298999981,39.24080249600007],[-7.244604199999969,39.24626891100007],[-7.247427312999946,39.252638260000026],[-7.241289651999978,39.26454896100006],[-7.231467159999966,39.278431039000054],[-7.266262396999934,39.30083161400006],[-7.271311304999927,39.31082133000007],[-7.271771550999972,39.31173196800006],[-7.292060398999979,39.32815565800007],[-7.293965772999968,39.32923770700006],[-7.308792998999934,39.337657989000036],[-7.308181881999928,39.34314268000003],[-7.306785039999966,39.355679147000046],[-7.311821821999956,39.36907011300008],[-7.318276448999939,39.376258574000076],[-7.322914099999934,39.38142348400004],[-7.314627986999938,39.39281110400003],[-7.312862937999967,39.39941407300006],[-7.310297777999949,39.40030524400004],[-7.308211447999952,39.401030062000075],[-7.302122217999965,39.41529699400007],[-7.30375519699993,39.41920265300007],[-7.308492158999968,39.43053223000004],[-7.305332151999949,39.44507757400004],[-7.301244396999948,39.44971435900004],[-7.295663987999944,39.456044278000036],[-7.305219004999969,39.463922611000044],[-7.32322946599993,39.47517710600005],[-7.343504558999939,39.47935669100008],[-7.348172857999941,39.48736360300006],[-7.359013105999963,39.48395803100004],[-7.361758020999957,39.48309568800005],[-7.379941261999932,39.49310126100005],[-7.379784293999933,39.49745252300005],[-7.389259318999962,39.503257648000044],[-7.388722884999936,39.51768489300008],[-7.388591001999941,39.52123183600003],[-7.391188156999931,39.52994618400004],[-7.399878495999928,39.53331624600003],[-7.409307924999951,39.532533595000075],[-7.41628512099993,39.53195448200006],[-7.429340778999972,39.534624447000056],[-7.444303741999931,39.54753841400003],[-7.450738530999956,39.55856573900007],[-7.452651492999962,39.561843991000046],[-7.465954364999959,39.57508093000007],[-7.485368107999932,39.584022676000075],[-7.488007762999928,39.585066812000036],[-7.498321501999953,39.589146490000076],[-7.499566653999977,39.59454217900003],[-7.50047911799993,39.59849621500007],[-7.507124486999942,39.606476701000076],[-7.512085728999978,39.619914605000076],[-7.520107921999966,39.62693260100008],[-7.527197886999943,39.633135062000065],[-7.526692589999925,39.63731560900004],[-7.526174755999932,39.64159988200004],[-7.530574359999946,39.65618320400006],[-7.536074913999926,39.66142731300005],[-7.542845391999947,39.66278609400007],[-7.545092173999933,39.66355142700007],[-7.542808732999958,39.665504517000045],[-7.53956986299994,39.666946616000075],[-7.535988375999978,39.66775088700007],[-7.531266168999935,39.66788467500004],[-7.528841385999954,39.667327992000025],[-7.521055611999941,39.66710308800003],[-7.51589839199994,39.66672132600007],[-7.512085728999978,39.66650167800003],[-7.453170886999942,39.66314498300005],[-7.439308736999976,39.657472745000064],[-7.425748424999938,39.651924016000066],[-7.40070820699998,39.64710098000006],[-7.396886018999965,39.64775232900007],[-7.37572668699994,39.65135814700005],[-7.341218114999947,39.64327661800007],[-7.33386399699998,39.64155436400006],[-7.325141676999976,39.64483241200003],[-7.317993357999967,39.64759065900006],[-7.291389503999937,39.65785600900006],[-7.290070980999928,39.65976696600006],[-7.287077336999971,39.66148332200004],[-7.275521786999946,39.66360102400006],[-7.272315879999951,39.66358564500007],[-7.268731396999954,39.66462947800005],[-7.264246922999973,39.66593549700008],[-7.257035604999942,39.666060293000044],[-7.245817931999966,39.666985615000044],[-7.227362484999958,39.66299058900006],[-7.217176907999942,39.66078573000004],[-7.207734081999945,39.66078168400003],[-7.192364482999949,39.660775099000034],[-7.189041706999944,39.66037330900008],[-7.187313643999971,39.65954203700005],[-7.184387922999974,39.659335948000034],[-7.178868607999959,39.658408923000025],[-7.176556199999936,39.65790368800003],[-7.17060593399998,39.65660342600006],[-7.167958834999979,39.65602497800006],[-7.162970624999957,39.65574417800008],[-7.161517553999943,39.65566238100007],[-7.160988790999966,39.65552115000003],[-7.152719913999931,39.65331256400003],[-7.150592297999935,39.65299263600008],[-7.146702157999925,39.653034165000065],[-7.136226164999925,39.65817100400005],[-7.124378417999935,39.66398047300004],[-7.090565961999971,39.66351710400005],[-7.07592600199996,39.66036231700008],[-7.064807438999935,39.657966362000025],[-7.015320155999973,39.67285259700003],[-7.008172336999962,39.68521066200003],[-7.003410716999952,39.700012893000064],[-6.999381645999961,39.71253788100006],[-6.993855956999937,39.72013140100006],[-6.989028234999978,39.726765761000024],[-6.990177365999955,39.73016992300006],[-6.991784566999968,39.734931061000054],[-6.988474736999933,39.753293228000075],[-6.984621023999978,39.76625995000006],[-6.980675129999952,39.77034840600004],[-6.977339466999979,39.77380458400006],[-6.980512781999948,39.77981029100005],[-6.988612751999938,39.79514001800004],[-6.98223236299998,39.818114758000036],[-6.96841868599995,39.825822799000036],[-6.959040819999927,39.82490544800004],[-6.95818217599998,39.82482145500006],[-6.949864204999926,39.82779170500004],[-6.947599510999964,39.83072783400007],[-6.945194163999929,39.83384631500007],[-6.940169513999933,39.83612825800003],[-6.936521766999931,39.83778488000007],[-6.936517194999965,39.83988748100006],[-6.936510723999959,39.84286362000006],[-6.933294482999941,39.849470662000044],[-6.926183082999955,39.85679573700003],[-6.91887709699995,39.85804391100004],[-6.916377787999977,39.85847090000004],[-6.904459838999969,39.87212208600005],[-6.903384864999964,39.885538404000044],[-6.906227222999973,39.89149610700008],[-6.900968509999927,39.90023879900008],[-6.901115613999934,39.91041371700004],[-6.905422607999981,39.91625609500005],[-6.90769228399995,39.919334879000075],[-6.901699100999963,39.93002581200005],[-6.89658400899998,39.93221543000004],[-6.893920390999938,39.93335564600005],[-6.88561617299996,39.942142373000024],[-6.886257056999966,39.94782222300006],[-6.887879132999956,39.96219791900006],[-6.880848791999938,39.97190181600007],[-6.884897967999962,39.980301025000074],[-6.874228287999927,39.99598912100004],[-6.874571639999942,40.00648871000004],[-6.870821249999949,40.00761823700003],[-6.866542139999979,40.00890700200006],[-6.865906708999944,40.01392067900008],[-6.871369086999948,40.016173336000065],[-6.876022371999966,40.01809232700003],[-6.878776026999958,40.02888440700008],[-6.882033432999947,40.04165077600004],[-6.889442311999971,40.047188848000076],[-6.895657221999954,40.05183443900006],[-6.894492106999962,40.05585481500003],[-6.89339438899998,40.05964262900005],[-6.90595150799993,40.063149863000035],[-6.916033594999931,40.06596581500003],[-6.91750396499998,40.07183552600003],[-6.920460212999956,40.083636855000066],[-6.932988171999966,40.09942593300008],[-6.935197967999954,40.102771906000044],[-6.940198610999971,40.10409621900004],[-6.942818980999959,40.10479016700003],[-6.942776995999964,40.10776142100008],[-6.942708313999958,40.11262196700005],[-6.953654822999965,40.113380164000034],[-6.954883880999944,40.11285622300005],[-6.960785432999955,40.110340423000025],[-6.964144353999927,40.114309125000034],[-6.966383793999967,40.114753087000054],[-6.986226318999968,40.11868680300006],[-6.98693131899995,40.118142317000036],[-6.993094218999943,40.11338258300003],[-6.994304931999977,40.11843142400005],[-7.010688534999929,40.126762162000034],[-7.009581303999937,40.13052153700005],[-7.009459694999975,40.13093443500003],[-7.010878498999944,40.13214709600004],[-7.01239998099993,40.133447517000036],[-7.014757068999927,40.14188294400003],[-7.018781415999968,40.145291136000026],[-7.01533597699995,40.14936705500003],[-7.013594302999934,40.15142743700005],[-7.013932828999941,40.15937717300005],[-7.019273369999951,40.16803052600005],[-7.016220328999964,40.17782610800003],[-7.024064080999949,40.18308514000006],[-7.028248635999944,40.185890775000075],[-7.025950199999954,40.19229805400005],[-7.022286571999928,40.19539199900004],[-7.019372336999936,40.19785308000007],[-7.013748410999938,40.21758005000004],[-7.01111889699996,40.226803560000064],[-6.99775598399998,40.235495523000054],[-6.981014435999953,40.24006719400006],[-6.975999715999933,40.24022574500003],[-6.974455026999976,40.23920127100007],[-6.970965391999925,40.23688686300005],[-6.964145948999942,40.23824027500007],[-6.955397015999949,40.24858112600003],[-6.951298650999945,40.257446025000036],[-6.923385333999931,40.25810281500003],[-6.910699034999936,40.25503898100004],[-6.893029734999971,40.25992564400008],[-6.880777292999937,40.25939362100007],[-6.870308085999966,40.26348057300004],[-6.865144205999968,40.27069454400004],[-6.861195381999948,40.29969213000004],[-6.840238202999956,40.31422287700008],[-6.819980072999954,40.32383325600006],[-6.806538023999963,40.32535801000006],[-6.80070448999993,40.326019718000055],[-6.79100729299995,40.33387767800008],[-6.791990590999944,40.34340696900006],[-6.79323184499998,40.355436144000066],[-6.78630246299997,40.36171164800004],[-6.782038624999927,40.36557313600008],[-6.800592550999966,40.37900143500008],[-6.802627168999948,40.380345875000046],[-6.808881740999936,40.384478785000056],[-6.810118710999973,40.38726444400004],[-6.811272480999946,40.389862735000065],[-6.816224491999947,40.39290323900008],[-6.823399478999931,40.39730863600005],[-6.835322668999936,40.409369480000066],[-6.845052223999971,40.43633235100003],[-6.848107798999933,40.45544067000003],[-6.833463710999979,40.47679911200004],[-6.82937579299994,40.47968255700005],[-6.827456942999959,40.48057567800004],[-6.822769695999966,40.48381034100004],[-6.821764822999967,40.486259311000026],[-6.819964839999955,40.48820832000007],[-6.814036234999946,40.50194173300008],[-6.80393414699995,40.50777938600004],[-6.795990366999945,40.512369826000054],[-6.797613086999945,40.52278683000003],[-6.801285689999929,40.52753830800003],[-6.803016333999949,40.529777351000064],[-6.804923114999951,40.54013158500004],[-6.80480460299998,40.540488065000034],[-6.80173446699996,40.549722952000025],[-6.805835477999949,40.55422531700003],[-6.819867433999946,40.55876965600004],[-6.844637188999968,40.56679150100007],[-6.843609839999942,40.57067112300007],[-6.841443767999976,40.57472198700003],[-6.841026734999957,40.57648444300003],[-6.837812337999935,40.57978048200005],[-6.836990758999946,40.58297698000007],[-6.836757020999926,40.58569352300003],[-6.837706455999978,40.58937065600003],[-6.835998282999981,40.59598744300007],[-6.821410751999963,40.61007706300006],[-6.820817855999962,40.61064972200006],[-6.813009634999958,40.62237197700006],[-6.811306043999934,40.625694184000054],[-6.807910349999929,40.62958138100004],[-6.806012975999977,40.633426660000055],[-6.804380804999937,40.638301829000056],[-6.799121765999928,40.654558534000046],[-6.793930516999978,40.661743374000025],[-6.798879678999981,40.66456253700005],[-6.803625215999944,40.66726571000004],[-6.804586074999975,40.67299987600006],[-6.803689859999963,40.67838077600004],[-6.803083370999957,40.68202215000008],[-6.812704791999977,40.70708201700006],[-6.812160086999938,40.718906666000066],[-6.820579321999958,40.72689924900004],[-6.823939891999942,40.730089520000035],[-6.829323435999981,40.740695827000025],[-6.830735352999966,40.75282745700008],[-6.828623834999973,40.75871835200007],[-6.828349442999979,40.75948387600005],[-6.828206830999932,40.76066971700004],[-6.825457433999929,40.78353136800007],[-6.821749385999965,40.790887213000076],[-6.819901909999942,40.79455214700005],[-6.817315300999951,40.80536224200006],[-6.819783396999981,40.813773963000074],[-6.822518981999963,40.823097337000036],[-6.824410082999975,40.84383246400006],[-6.810247966999952,40.84466777700004],[-6.802198250999936,40.84514256700004],[-6.801935045999926,40.86104598000003],[-6.807456857999966,40.87667858700007],[-6.810009140999966,40.881984774000045],[-6.814967197999977,40.881751277000035],[-6.819554283999935,40.88153525000007],[-6.838180786999942,40.889657612000065],[-6.849657062999938,40.90321697300004],[-6.849614945999974,40.91174075300006],[-6.849554615999978,40.92395070400005],[-6.857432348999964,40.94242116100003],[-6.858105594999927,40.943165117000035],[-6.861355481999965,40.950119089000054],[-6.863511715999948,40.95212105300004],[-6.87071895899993,40.95881264500008],[-6.882068899999979,40.96786737200006],[-6.886295745999973,40.971239455000045],[-6.888989305999928,40.974518569000054],[-6.908498938999969,40.998269409000045],[-6.917918019999945,41.002321933000076],[-6.921210253999959,41.003738404000046],[-6.93066622799995,41.017081200000064],[-6.929864671999951,41.02933623200005],[-6.914261726999939,41.03853773000003],[-6.905738970999948,41.036179470000036],[-6.877051869999946,41.02824170400004],[-6.863511715999948,41.02755420600005],[-6.85306174699997,41.02702361100006],[-6.832919820999962,41.02911394100005],[-6.827956383999947,41.03109343800003],[-6.822433572999955,41.031845059000034],[-6.814615834999927,41.03525531400004],[-6.812536164999926,41.035899897000036],[-6.808374828999945,41.03652601400006],[-6.808134221999978,41.040948436000065],[-6.807936317999975,41.04458598100007],[-6.801049874999933,41.04937113400007],[-6.791918967999948,41.055715887000076],[-6.774760500999946,41.07389841400004],[-6.770564897999975,41.085552359000076],[-6.754730721999977,41.10261935600005],[-6.761163863999968,41.11196596000008],[-6.769733052999925,41.124415991000035],[-6.767888702999926,41.13351045300004],[-6.75725267599995,41.138859264000075],[-6.749213132999955,41.14290231500007],[-6.741312021999931,41.150820114000055],[-6.729381349999926,41.16277598700003],[-6.720734291999975,41.16738653700003],[-6.715547830999981,41.17015192100007],[-6.710054078999974,41.173081151000076],[-6.699320560999979,41.18308463900007],[-6.696829340999955,41.18926264600003],[-6.697530124999957,41.19134588700007],[-6.697987652999927,41.19270599400005],[-6.695973988999981,41.19413818600003],[-6.689670201999945,41.19862167200006],[-6.689786233999939,41.20524137500007],[-6.690603498999963,41.20871450200008],[-6.68011873699993,41.21843530600006],[-6.662765064999974,41.22996708000005],[-6.653042866999954,41.23642762600008],[-6.651000694999937,41.24073206000003],[-6.647899177999932,41.247269352000046],[-6.640940850999925,41.24562547100004],[-6.630123797999943,41.24306998000003],[-6.609162754999943,41.24925575700007],[-6.608934610999938,41.249323084000025],[-6.60886168899998,41.249290150000036],[-6.599259422999978,41.24495347200008],[-6.594285662999937,41.25095529500004],[-6.591189185999951,41.25469180500005],[-6.587097915999948,41.25209069300007],[-6.586160165999956,41.24698035000006],[-6.585584938999943,41.24384560200008],[-6.58134776299994,41.23952465200006],[-6.57643027499995,41.23882310300007],[-6.571266561999948,41.23906308800008],[-6.567408884999963,41.24270218200007],[-6.553079054999955,41.245747994000055],[-6.548940261999974,41.25296283100005],[-6.545991252999954,41.258103609000045],[-6.519146972999977,41.275247095000054],[-6.514311261999978,41.268770620000055],[-6.511368170999958,41.26482893300005],[-6.501112184999954,41.26514816700006],[-6.480443630999957,41.274532873000055],[-6.480273850999936,41.27747546300003],[-6.484061360999931,41.28047484700005],[-6.49099468299994,41.285965446000034],[-6.479713167999932,41.29437983400004],[-6.469721349999929,41.30053775600004],[-6.460982396999952,41.29921613600004],[-6.455760011999928,41.29842633800007],[-6.439594682999939,41.30453286200003],[-6.436473130999957,41.31421269900005],[-6.435122044999957,41.31840237400007],[-6.432863340999972,41.31961491100003],[-6.420370322999929,41.32632151700005],[-6.424614644999963,41.331959450000056],[-6.42615197799995,41.334001562000026],[-6.419983607999939,41.343623999000044],[-6.412942308999959,41.348683943000026],[-6.39981049599993,41.35104971700008],[-6.387203844999931,41.35332088000007],[-6.377753052999935,41.36137172000008],[-6.386301809999964,41.36393446400007],[-6.387475923999943,41.36428644000006],[-6.393061411999952,41.37019554900007],[-6.391473059999953,41.38374702400006],[-6.373710286999938,41.39046920800007],[-6.36688726899996,41.392765034000035],[-6.364050353999971,41.38776013000006],[-6.361404160999939,41.38309170100007],[-6.35201722499994,41.37849328900006],[-6.328705145999947,41.38615209500006],[-6.326678676999961,41.38681785800003],[-6.326493089999929,41.386802885000066],[-6.318309555999974,41.38614262400006],[-6.316501188999951,41.390731198000026],[-6.319021564999957,41.39875264700004],[-6.324514529999931,41.401627896000036],[-6.331253931999981,41.40515558200008],[-6.333195673999967,41.40943124800003],[-6.328023693999967,41.415187056000036],[-6.319751794999945,41.41702385700006],[-6.310468895999975,41.419085153000026],[-6.296847969999931,41.43304264200003],[-6.296958629999949,41.438579176000076],[-6.302892480999958,41.444784269000024],[-6.30598936399997,41.44802271400005],[-6.298998642999948,41.454774335000025],[-6.28657336699996,41.466774636000025],[-6.285862277999968,41.47343689300004],[-6.285374966999939,41.47800255300007],[-6.269080434999978,41.48639376300008],[-6.266234920999977,41.48643718100004],[-6.262384232999977,41.48649593600004],[-6.264084976999925,41.48999039700004],[-6.266688009999939,41.49533876000004],[-6.260192213999972,41.49733812300008],[-6.252125679999949,41.499820949000025],[-6.25417624499994,41.50869347400004],[-6.255163489999973,41.51296515400003],[-6.249292922999928,41.516017774000034],[-6.240701532999935,41.52048518600003],[-6.219214981999926,41.54120091400006],[-6.216760367999939,41.54939213400007],[-6.215684769999939,41.55298148300005],[-6.209054691999938,41.562113433000036],[-6.19601870799994,41.57067050200004],[-6.189352081999971,41.57504660300003],[-6.202762777999965,41.59565355800004],[-6.226301143999933,41.60399976200006],[-6.234897537999927,41.60704786000008],[-6.241032738999934,41.615324506000036],[-6.254917774999967,41.63405600500005],[-6.288736161999964,41.65660650700005],[-6.302935785999978,41.66290256000008],[-6.309171910999964,41.66418326400003],[-6.315364356999964,41.66545499800003],[-6.315445956999952,41.66548265700004],[-6.319628577999936,41.66690037600006],[-6.322497861999977,41.666984322000076],[-6.357863441999939,41.67709189300007],[-6.373710286999938,41.67399479100004],[-6.378255373999934,41.67445767900006],[-6.405803368999955,41.68067292500007],[-6.412942308999959,41.680293952000056],[-6.419457719999969,41.67994808000003],[-6.425923955999963,41.67960481800003],[-6.43238876099997,41.681746463000025],[-6.439796902999944,41.684200614000076],[-6.45134545999997,41.681594834000066],[-6.456038216999957,41.67210664600003],[-6.458426237999959,41.667278355000064],[-6.467092757999978,41.66634094500006],[-6.469442157999936,41.66608682300006],[-6.471551357999942,41.66515733700004],[-6.48850198699995,41.65768750500007],[-6.500208197999939,41.65749289400003],[-6.512102367999944,41.66126232100004],[-6.515032583999925,41.66455059300006],[-6.518204528999945,41.66678583700008],[-6.519132988999957,41.66883856600003],[-6.525796520999961,41.67297367200007],[-6.527685902999963,41.675041125000064],[-6.534637612999973,41.676521354000045],[-6.536900076999927,41.67774714300003],[-6.541843036999978,41.680423579000035],[-6.548242364999965,41.68563848500003],[-6.55348399099995,41.693500517000075],[-6.553184612999928,41.70091989500003],[-6.546164468999962,41.69989281800008],[-6.545602450999979,41.69981059200006],[-6.543083047999971,41.70218154600008],[-6.549029583999925,41.71228361100003],[-6.553940074999957,41.72062562700006],[-6.55334716599998,41.72138926000008],[-6.550503914999979,41.72505120400007],[-6.555534051999928,41.72627900500004],[-6.557428769999945,41.730068258000074],[-6.55681878799993,41.73739463600003],[-6.562616100999946,41.74093716700003],[-6.568127229999959,41.744304820000025],[-6.564953389999971,41.750790617000064],[-6.561451190999946,41.75305147300003],[-6.556044365999981,41.75654186600008],[-6.554885919999947,41.76762783000004],[-6.544745632999934,41.783908789000066],[-6.545458608999979,41.789278455000044],[-6.546078838999961,41.793949618000056],[-6.537622766999959,41.81298446900007],[-6.53314818399997,41.81716447900004],[-6.529635996999957,41.82044545000008],[-6.530270746999975,41.82619367800004],[-6.531316422999964,41.83566322000007],[-6.524599830999932,41.85110922700005],[-6.523289815999931,41.85412184100005],[-6.523577413999931,41.85560128600008],[-6.524554768999963,41.86062894400004],[-6.521714781999947,41.86378488500003],[-6.517760056999975,41.86817957900007],[-6.517026769999973,41.873303390000046],[-6.549318078999931,41.87946291800006],[-6.571177660999979,41.88363260600005],[-6.564469739999936,41.892540893000046],[-6.56064615799994,41.89761870500007],[-6.55686193899993,41.91138235200003],[-6.552927731999944,41.91835612600005],[-6.545971409999936,41.93068690100006],[-6.545839058999945,41.93593943500008],[-6.549125375999949,41.944511539000075],[-6.552586995999945,41.946239640000044],[-6.55637874699994,41.94871506700008],[-6.561254781999935,41.95266351600003],[-6.573791231999962,41.96067406700007],[-6.577483905999941,41.96168618000007],[-6.577563503999954,41.961707997000076],[-6.580031591999955,41.963315032000025],[-6.583211673999926,41.96538566400005],[-6.58846129099993,41.96776194100005],[-6.591508611999927,41.96234208300007],[-6.598738569999966,41.94948313400005],[-6.611510160999956,41.94714966600003],[-6.618847805999962,41.94105739300005],[-6.627139779999936,41.94140517500006],[-6.637600249999934,41.94184390700008],[-6.677048790999947,41.93634718800007],[-6.696895845999961,41.93358172000006],[-6.706292234999978,41.93527253500008],[-6.720734291999975,41.938018673000045],[-6.749992311999961,41.94358204800005],[-6.76597753599998,41.97263398900003],[-6.76699001399993,41.97684331500005],[-6.768688805999943,41.983905951000054],[-6.780839580999952,41.988048595000066],[-6.796917785999938,41.98991281700006],[-6.802518168999939,41.990562166000075],[-6.805578462999961,41.990916998000046],[-6.811469859999931,41.99253099600003],[-6.811044459999948,41.98499493400004],[-6.810209272999941,41.97019939900008],[-6.811496330999944,41.96738799600007],[-6.821102260999965,41.94722364000006],[-6.831010959999958,41.944118512000045],[-6.845331268999928,41.942684790000044],[-6.855753657999969,41.944044975000054],[-6.863511715999948,41.94505744800006],[-6.871924107999973,41.946155316000045],[-6.875737441999945,41.94452982900003],[-6.885401691999959,41.940410307000036],[-6.930353529999934,41.945854946000054],[-6.933738754999979,41.94626497000007],[-6.93574861899998,41.94598584400006],[-6.943593286999942,41.94489639100004],[-6.953160236999963,41.96051488300003],[-6.958326925999927,41.96894974300005],[-6.977297154999974,41.97361835800007],[-6.985800483999981,41.971447057000034],[-6.998864178999952,41.96260804600007],[-7.002505958999961,41.95798852000007],[-7.008723883999949,41.95010120500007],[-7.03032275299995,41.95084899500006],[-7.034326351999937,41.95098760600007],[-7.044087364999939,41.95465238200006],[-7.052290381999967,41.95022152100006],[-7.054222763999974,41.94917774500004],[-7.075305673999935,41.95133600300005],[-7.080450531999929,41.96027691100005],[-7.08813033399997,41.97362312900003],[-7.115357785999947,41.98369990600003],[-7.141826303999949,41.99028997600004],[-7.15092044499994,41.986366804000056],[-7.153654679999931,41.98266514800008],[-7.157593651999946,41.977332499000056],[-7.170357443999933,41.97903019600005],[-7.176237309999976,41.979812270000025],[-7.184726542999954,41.972461503000034],[-7.18567593399996,41.95849247900003],[-7.182774251999945,41.95195148800008],[-7.185778742999958,41.94077808900005],[-7.181426319999957,41.93236175000004],[-7.175723818999927,41.92133474800005],[-7.176048750999939,41.91835612600005],[-7.182030564999934,41.91323863700006],[-7.182616407999944,41.91205190900007],[-7.186037547999945,41.89599465600003],[-7.195520860999977,41.88225176200007],[-7.20046440599998,41.87974942100004],[-7.210185518999936,41.87957096400004],[-7.222496092999961,41.87298481100004],[-7.23193368699998,41.86793570100008],[-7.239984037999932,41.867615311000066],[-7.251609886999972,41.86715262300004],[-7.276786474999938,41.85631548900005],[-7.285816748999935,41.85242845400006],[-7.290341731999945,41.85215348300005],[-7.300341411999966,41.85154582800004],[-7.30886567899995,41.84646588900006],[-7.313345665999975,41.84379609200005],[-7.326024686999972,41.844271856000034],[-7.357378547999929,41.842014508000034],[-7.361343009999928,41.84861948900004],[-7.363812337999946,41.85273350700004],[-7.389087153999981,41.84190089400005],[-7.394019012999934,41.83218796600005],[-7.39620500999996,41.82788280800003],[-7.417897722999953,41.81147015700003],[-7.427273714999956,41.80749957200004],[-7.428406719999941,41.81177103200008],[-7.426301903999956,41.81498712000007],[-7.425154064999958,41.81674097900003],[-7.429363108999951,41.82311570500008],[-7.425668952999956,41.82813193100003],[-7.426733320999972,41.83296199000006],[-7.438885674999938,41.838708748000045],[-7.44540950399994,41.84179381800004],[-7.448544720999962,41.851135946000056],[-7.447206878999964,41.85439502400004],[-7.446205497999927,41.85683446000007],[-7.452781128999959,41.86516203700006],[-7.464766315999952,41.86387990900005],[-7.483638668999959,41.86186102000005],[-7.489192898999931,41.86790478300003],[-7.491888046999975,41.87083747200006],[-7.502716235999969,41.869261994000055],[-7.512357725999948,41.86263390200003],[-7.50893929199998,41.855632452000066],[-7.506426075999968,41.850485019000075],[-7.521065600999975,41.84194158100007],[-7.541382330999966,41.83708951300008],[-7.573184889999936,41.83069976300004],[-7.599370802999942,41.83265770700007],[-7.611814895999942,41.829475417000026],[-7.614798058999952,41.83353951300006],[-7.61214309099995,41.84549858500003],[-7.60109399199996,41.86076195700008],[-7.601136925999981,41.86698759500007],[-7.599370802999942,41.868059463000066],[-7.593859322999947,41.87140440600007],[-7.584597398999961,41.877025511000056],[-7.586159301999942,41.88095201600004],[-7.599370802999942,41.88014355100006],[-7.602588641999944,41.879946638000035],[-7.60686878599995,41.87968471800008],[-7.60798222699998,41.88020413100003],[-7.617198960999929,41.884503675000076],[-7.625223861999928,41.88102725600004],[-7.627102138999931,41.88021357900004],[-7.638997930999949,41.88011941800005],[-7.654910380999979,41.882101215000034],[-7.662311686999942,41.887771748000034],[-7.669097617999967,41.892970810000065],[-7.674556050999968,41.893734736000056],[-7.67868959499998,41.89431324000003],[-7.684088737999957,41.898377141000026],[-7.693782633999945,41.90567367700004],[-7.704082489999962,41.90785191100008],[-7.704728265999961,41.90762331900004],[-7.71370320699998,41.904441904000066],[-7.714994639999929,41.90389400500004],[-7.722326542999951,41.900783397000055],[-7.725957473999927,41.898578601000054],[-7.744249510999964,41.893699930000025],[-7.751448979999964,41.897022707000076],[-7.754584922999925,41.89847004100005],[-7.763364731999957,41.89893480100005],[-7.770610553999973,41.89341093100006],[-7.775039965999952,41.89003415900004],[-7.802576604999956,41.88215194400004],[-7.812701257999947,41.88186265000007],[-7.835012545999973,41.881271765000065],[-7.843717192999975,41.881041234000065],[-7.843069802999935,41.87365588500006],[-7.842698620999954,41.86942147900004],[-7.845579115999954,41.86454923000008],[-7.85586856499998,41.862378369000055],[-7.862409689999936,41.86099832700006],[-7.864889783999956,41.85892377000005],[-7.874622361999968,41.85078263400004],[-7.891440512999964,41.859000895000065],[-7.889018361999945,41.866717150000056],[-7.884415000999979,41.88138209500005],[-7.886750524999968,41.903823567000074],[-7.886997776999976,41.90619934800003],[-7.88640473199996,41.909481440000036],[-7.88480115599998,41.91835612600005],[-7.884090366999942,41.92228985000003],[-7.88854798899996,41.92681341400004],[-7.905759465999949,41.92737955600006],[-7.909035919999951,41.92118611500007],[-7.909230511999965,41.91835612600005],[-7.910092814999928,41.90581550500008],[-7.910149846999957,41.90569010200005],[-7.922070684999937,41.87947833700008],[-7.946255336999968,41.87128739600007],[-7.962713522999934,41.87394046800006],[-7.971423658999981,41.875344548000044],[-7.980831829999943,41.87239441000003],[-7.987792046999971,41.86785356300004],[-7.990075859999934,41.859948306000035],[-8.00008055799998,41.850313062000055],[-8.007324843999982,41.83923247700005],[-8.013315409999962,41.830069535000064],[-8.021328626999946,41.83008839300004],[-8.036573030999932,41.830124270000056],[-8.044991424999978,41.824081628000044],[-8.051862724999978,41.82061392600008],[-8.058165870999972,41.816756948000034],[-8.095505684999978,41.80939282700007],[-8.106765663999965,41.81223642800006],[-8.129008226999929,41.80906475000006],[-8.152576135999936,41.81747386500007],[-8.165075344999934,41.81830214400003],[-8.16188647599995,41.85837496200003],[-8.166326700999946,41.86370516000005],[-8.167129013999954,41.86646420500006],[-8.168254469999965,41.87033449200004],[-8.170263015999979,41.87724160700003],[-8.188769018999949,41.875900010000066],[-8.197163581999973,41.87529144400003],[-8.199688820999938,41.87565515400007],[-8.198636129999954,41.88052586200007],[-8.20384840099996,41.89122124000005],[-8.213682868999967,41.900635075000025],[-8.216412593999962,41.91276008900007],[-8.213244885999927,41.91835612600005],[-8.210223245999941,41.92369412100004],[-8.197134963999929,41.94026769100003],[-8.188858008999944,41.946264015000054],[-8.176289510999936,41.95536939100003],[-8.175317285999938,41.96056605200005],[-8.169357457999979,41.96435669300007],[-8.165004031999956,41.97207441200004],[-8.163466652999944,41.977922610000064],[-8.16222479299995,41.982646653000074],[-8.152720120999959,41.985411604000035],[-8.141339388999938,41.98872231000007],[-8.137829722999982,41.99266938900007],[-8.126593328999945,42.00530618600004],[-8.11452812999994,42.00515924500007],[-8.103983490999951,42.00916650700003],[-8.094315646999974,42.012840562000065],[-8.088231063999956,42.01504868000006],[-8.085179403999973,42.019585016000065],[-8.084688339999957,42.02364497100007],[-8.083178988999975,42.03612379500004],[-8.086929423999948,42.05336347900004],[-8.096695325999974,42.07091627900007],[-8.104496236999978,42.07460786200005],[-8.107219184999963,42.076297956000076],[-8.118478066999955,42.08212304300008],[-8.124836651999942,42.08253211700003],[-8.135796065999955,42.07751194700006],[-8.13766163899993,42.07665738500003],[-8.139883915999974,42.07705810700003],[-8.151251302999981,42.07910787800006],[-8.159487610999975,42.07488167100007],[-8.174838601999966,42.06700478600004],[-8.18389824899998,42.069400872000074],[-8.186355525999943,42.07390269600006],[-8.186236544999929,42.09141420800006],[-8.186194469999975,42.09760673000005],[-8.189866060999975,42.115535597000076],[-8.192845683999963,42.12637297100008],[-8.189609183999949,42.13713843200003],[-8.19900032399994,42.15441906400008],[-8.20429588899998,42.14464211100005],[-8.224885392999965,42.13324874300008],[-8.236022067999954,42.13675979200008],[-8.243497182999931,42.13911646400004],[-8.256531846999962,42.13415549900003],[-8.256477426999936,42.13231256500006],[-8.25632677699997,42.12721079600004],[-8.25771352299995,42.122993327000074],[-8.26589665199998,42.12118830400004],[-8.273231537999948,42.122363593000046],[-8.274894639999957,42.12263007700005],[-8.288857935999943,42.113084283000035],[-8.290193621999947,42.11217116200004],[-8.301463990999935,42.10527797800006],[-8.30211442999996,42.10521227600003],[-8.318479206999939,42.10355924400005],[-8.32524783599996,42.09584402400003],[-8.328225644999975,42.089706844000034],[-8.330045322999979,42.08595654000004],[-8.338941488999978,42.08459096300004],[-8.34688510799998,42.08747350500005],[-8.354555257999948,42.09025681300005],[-8.369969714999968,42.08901948600004],[-8.376368940999953,42.08208405800008],[-8.380028940999978,42.07811738000004],[-8.384153362999939,42.077128007000056],[-8.388617730999954,42.07605708700004],[-8.390270082999962,42.07720619600008],[-8.391662402999941,42.07817446800004],[-8.403912143999946,42.080247833000044],[-8.418054697999935,42.074334247000024],[-8.42152393699996,42.07288361500008],[-8.428253394999956,42.07225411100006],[-8.430152765999935,42.07256701000006],[-8.432065122999973,42.073592820000044],[-8.432888200999969,42.07558804000007],[-8.43392225699995,42.076874212000064],[-8.434376032999978,42.07743862400008],[-8.437308746999975,42.07909009100007],[-8.440616538999961,42.08201999500005],[-8.453901650999967,42.082901089000075],[-8.49653237299998,42.07977290700006],[-8.526362241999948,42.07746322600008],[-8.52667515099995,42.070976330000065],[-8.52703368999994,42.06354347200005],[-8.546941378999975,42.054504559000065],[-8.555231087999971,42.05292513900008],[-8.578262276999965,42.05255503200004],[-8.578445188999979,42.052588626000045],[-8.590766762999976,42.05485166300008],[-8.594418669999925,42.055167985000026],[-8.598220408999964,42.05473707400006],[-8.60377068899993,42.05410739000007],[-8.606218445999957,42.05355446400006],[-8.63243670299994,42.04883162400006],[-8.63808475199994,42.043744520000075],[-8.644984213999976,42.03753029000006],[-8.64761793699995,42.03584174400004],[-8.651864542999931,42.033767142000045],[-8.656487521999964,42.03150866900006],[-8.657945518999952,42.02364497100007],[-8.65806375699998,42.023007258000064],[-8.658293083999979,42.021770383000046],[-8.662165743999935,42.00354391900004],[-8.681896131999963,41.990123347000065],[-8.718391082999972,41.977507966000076],[-8.730010209999932,41.97349152800007],[-8.743483609999942,41.965667524000025],[-8.747285509999926,41.95982986400003],[-8.747598576999962,41.94843841100004],[-8.747724116999962,41.94387044800004],[-8.754648096999972,41.935566046000076],[-8.757165775999965,41.933502152000074],[-8.759932674999959,41.93197657400003],[-8.762390919999973,41.93107183600006],[-8.767504188999965,41.92919135300008],[-8.773417561999963,41.92593409400007],[-8.787089738999953,41.91759399600005],[-8.801975555999945,41.91202960900006],[-8.806966961999933,41.91036599600005],[-8.811285341999962,41.908926724000025],[-8.81851501999995,41.906517146000056],[-8.825660511999956,41.90348064700004],[-8.830433162999952,41.90070682000004],[-8.83377947699995,41.89617345200003],[-8.842374779999943,41.884529093000026],[-8.863185838999925,41.87206646300007],[-8.873698314999956,41.87149038900003],[-8.88151718599994,41.881215815000076],[-8.880111254999974,41.893981266000026],[-8.880110576999925,41.89398741900004],[-8.875508166999964,41.89990503400003],[-8.87961196699996,41.90314246500003],[-8.878266789999941,41.91007281800006],[-8.881929617999958,41.91573174300004],[-8.88362829099998,41.91835612600005],[-8.885958738999932,41.94160827800005],[-8.885168436999948,41.95447309800005],[-8.884749289999945,41.961296135000055],[-8.886280910999972,41.97111459300004],[-8.887363860999926,41.978056845000026],[-8.883929493999972,41.994882725000025],[-8.882241173999944,41.996893775000046],[-8.878142155999967,42.00177634000005],[-8.881828890999941,42.007209911000075],[-8.88679174999993,42.01452425700006],[-8.885367925999958,42.02364497100007],[-8.884541687999956,42.02893766900007],[-8.883096269999953,42.038196705000075],[-8.886166079999953,42.04194799900006],[-8.887039413999958,42.04301520900003],[-8.886638059999939,42.045728256000075],[-8.886011916999962,42.04996082500003],[-8.887527868999939,42.05285504900007],[-8.89493400699996,42.06699469100005],[-8.892326179999941,42.08478960000008],[-8.895053040999926,42.098828635000075],[-8.89876636699995,42.10359205700007],[-8.896179222999933,42.11203610500007],[-8.882231308999962,42.11227136200006],[-8.87775247999997,42.11234690500004],[-8.869868382999925,42.116756112000076],[-8.860782271999938,42.12183754800003],[-8.852949243999944,42.12296039100005],[-8.850580643999933,42.12711240300007],[-8.846840958999962,42.12560642200003],[-8.84664730999998,42.121046927000066],[-8.84657432299997,42.11932844300003],[-8.833575598999971,42.11348061600006],[-8.826947729999972,42.11463766600008],[-8.824394429999927,42.11913822100007],[-8.826091067999926,42.12246079400006],[-8.819014399999958,42.131466524000075],[-8.820522728999947,42.14090853300007],[-8.829924448999975,42.14765546700005],[-8.836194808999949,42.148166565000054],[-8.846568907999938,42.14901215900005],[-8.849563409999973,42.153695439000046],[-8.847494936999965,42.156506507000074],[-8.839983691999976,42.15769376000003],[-8.836121291999973,42.155816196000046],[-8.831617672999926,42.15362692700006],[-8.825956171999962,42.154562198000065],[-8.820770842999934,42.158270722000054],[-8.818072515999972,42.16527954500003],[-8.812958804999937,42.180867498000055],[-8.81337891499993,42.18187384000004],[-8.815256056999942,42.18637038600008],[-8.813192302999937,42.18986484100003],[-8.806232756999975,42.19150341900007],[-8.800179678999939,42.19292857500005],[-8.781493467999951,42.20293544300006],[-8.77685767099996,42.21097314100007],[-8.77714326399996,42.21631329500008],[-8.77728426799996,42.218949863000034],[-8.771829178999951,42.22401596100008],[-8.753304293999975,42.22576260900007],[-8.740797733999955,42.22694180900004],[-8.73538037399993,42.231991711000035],[-8.735265616999925,42.23321399500003],[-8.734917907999943,42.23691748200008],[-8.727583766999942,42.242258769000046],[-8.721273381999936,42.24233937100007],[-8.711370560999967,42.24246586000004],[-8.705911124999943,42.252358241000024],[-8.701892543999975,42.25963982400003],[-8.696284073999948,42.258636756000044],[-8.690478648999942,42.25759846300008],[-8.677061597999966,42.26439181300003],[-8.669249821999927,42.276267801000074],[-8.667168961999948,42.27943126400004],[-8.64849481999994,42.289004728000066],[-8.642598796999948,42.287829213000066],[-8.63243670299994,42.285803153000074],[-8.61636336099997,42.28729823500004],[-8.61609380599998,42.30105961100003],[-8.617308367999954,42.30350049300006],[-8.620624712999927,42.310165289000054],[-8.615793872999973,42.32646682700005],[-8.614794994999954,42.329837515000065],[-8.611899386999937,42.34556952200006],[-8.617366950999951,42.34930799000006],[-8.625553079999975,42.34623322400006],[-8.629057836999948,42.350272543000074],[-8.63243670299994,42.34971774100006],[-8.642402715999935,42.33918725500007],[-8.640280581999946,42.33382959700003],[-8.637833336999961,42.32765114800003],[-8.649870114999942,42.32244701900004],[-8.65441554299997,42.320481793000056],[-8.659526160999974,42.31496324500006],[-8.660106104999954,42.309404133000044],[-8.658694931999946,42.30692359500006],[-8.653587736999953,42.29794624700003],[-8.65887343399993,42.29143485700007],[-8.664619917999971,42.29113659300003],[-8.676045299999942,42.29054357200005],[-8.682173506999959,42.28600238800004],[-8.690478648999942,42.27984803000004],[-8.698871219999944,42.28115461800007],[-8.700566613999968,42.281418563000045],[-8.70416634199995,42.27969855400005],[-8.711640216999967,42.27612741200005],[-8.71485320499994,42.28220941200004],[-8.717792863999932,42.287774015000025],[-8.730756680999946,42.286340031000066],[-8.735433007999973,42.27862598200005],[-8.739035479999927,42.27268336000003],[-8.758643119999931,42.262211094000065],[-8.76583642299994,42.25987188000005],[-8.76961594599993,42.26046486900003],[-8.781908056999953,42.26239344100003],[-8.788722295999946,42.25409268800007],[-8.793212689999962,42.24862272300004],[-8.80394519899994,42.25160714300006],[-8.805241113999955,42.25251205300003],[-8.812891219999926,42.257853960000034],[-8.824386881999942,42.25363426800004],[-8.828553618999933,42.25210479100008],[-8.832296127999939,42.25409786300003],[-8.838795054999935,42.25755886400003],[-8.852798853999957,42.26044752800004],[-8.857974351999928,42.258527869000034],[-8.859673941999972,42.25570259300008],[-8.864055965999967,42.24841823000003],[-8.872169565999968,42.25146055500005],[-8.864369330999978,42.267385354000055],[-8.857038871999976,42.30665404100006],[-8.853414734999944,42.30576487800005],[-8.848297789999947,42.29709653900005],[-8.846239224999977,42.293609235000076],[-8.824177045999932,42.27648665500004],[-8.819522759999927,42.27890086900004],[-8.82193716699993,42.29820342600004],[-8.818997283999977,42.302638975000036],[-8.81920549299997,42.31292938900003],[-8.826117025999963,42.324173949000055],[-8.827368324999952,42.33266125100005],[-8.829406221999932,42.33340585000008],[-8.83382938699998,42.335021969000024],[-8.836771677999934,42.33852783400005],[-8.835579182999936,42.34088616100007],[-8.826388656999939,42.34102751100005],[-8.819819295999935,42.337773036000044],[-8.800702527999931,42.33858715000008],[-8.798636220999981,42.33204471400006],[-8.798594758999968,42.33191343500005],[-8.789519326999937,42.327352252000026],[-8.773492272999931,42.33150516400008],[-8.752856418999954,42.34380315000004],[-8.746888516999945,42.36106977600008],[-8.745181626999965,42.36600823400005],[-8.738487549999945,42.37329136000005],[-8.734504146999939,42.374802027000044],[-8.730585951999956,42.37628796400003],[-8.727952819999928,42.38046753100008],[-8.725466063999932,42.38441475500008],[-8.71550307299998,42.391233912000075],[-8.70854421599995,42.39599689400006],[-8.69742697099997,42.39394833000006],[-8.69272486999995,42.39911275800006],[-8.690478648999942,42.402192711000055],[-8.666367132999937,42.42009105000005],[-8.65667080999998,42.42411770500007],[-8.654392954999935,42.43183483000007],[-8.660179023999945,42.42490781300006],[-8.680718947999935,42.421074101000045],[-8.680863838999926,42.42118947900008],[-8.684570864999955,42.42414141900008],[-8.684900008999932,42.42500891000003],[-8.690478648999942,42.43971195600005],[-8.703357366999967,42.43300605500008],[-8.707129817999942,42.428296998000064],[-8.70753568999993,42.42779035800004],[-8.713459599999965,42.42213831000004],[-8.719029836999937,42.42183083600003],[-8.720657231999951,42.42174100500006],[-8.740970104999974,42.41297862600004],[-8.746647044999975,42.406824361000076],[-8.75001068399996,42.40317790300003],[-8.754999272999953,42.402285977000076],[-8.758028807999949,42.401744317000066],[-8.758681321999973,42.400285247000056],[-8.760472191999952,42.39628073200004],[-8.769905343999937,42.39371833800004],[-8.774676635999981,42.38852018400007],[-8.780999834999932,42.39426021000003],[-8.78190634699996,42.39508311600008],[-8.800311680999926,42.40017775200005],[-8.813602301999936,42.40034024100004],[-8.822140366999975,42.39732334200005],[-8.825271063999935,42.39158576600005],[-8.827310927999974,42.38784734200004],[-8.832744291999973,42.38835934600007],[-8.839012713999978,42.38476935600005],[-8.849500174999946,42.396414262000064],[-8.858275594999952,42.39812817600006],[-8.86179066799997,42.40672298100003],[-8.862075736999941,42.407420012000046],[-8.870756633999974,42.413662454000075],[-8.871927151999955,42.41389266500005],[-8.880044099999964,42.41548905900004],[-8.87594497699996,42.42593685200006],[-8.875217765999935,42.42779035800004],[-8.872581246999971,42.43881595300007],[-8.879404978999958,42.45071837200004],[-8.888452184999949,42.45711849200006],[-8.91187092599995,42.461431943000036],[-8.914830614999971,42.45962148600006],[-8.926753094999981,42.452328443000056],[-8.93368839599998,42.45454761000008],[-8.941055264999932,42.46330248000004],[-8.937560925999946,42.46981407000004],[-8.938023836999946,42.47562143700003],[-8.93475418199995,42.477705257000025],[-8.921466539999926,42.47739740900005],[-8.906207044999974,42.477043878000075],[-8.886478843999953,42.48651356000005],[-8.885704630999953,42.48942697100006],[-8.886211368999966,42.48977830500007],[-8.890203695999958,42.49254628600005],[-8.888708286999929,42.49504674700006],[-8.874666741999931,42.49925876400005],[-8.872515060999945,42.49645509000004],[-8.865284631999941,42.49682976200006],[-8.861608460999946,42.49391224200008],[-8.859241273999942,42.492033570000046],[-8.857845292999968,42.47358042800005],[-8.87201130099993,42.46140699800003],[-8.868952107999974,42.44799419100008],[-8.858208342999944,42.45151976400007],[-8.85231148899993,42.45640982700007],[-8.848177274999955,42.459838191000074],[-8.844332025999961,42.45728557900003],[-8.842268413999932,42.45591568100008],[-8.831101424999929,42.45862546200004],[-8.823374573999956,42.45306010400003],[-8.820474396999941,42.45302404000006],[-8.819845431999966,42.45877864400006],[-8.822677600999953,42.46770908600007],[-8.82603471799996,42.468997208000076],[-8.829552680999939,42.470347047000075],[-8.827412338999977,42.476130873000045],[-8.830802096999946,42.484287789000064],[-8.824735656999962,42.49336522700003],[-8.81967769299996,42.49270183200008],[-8.814742279999962,42.49205451000006],[-8.804013126999962,42.500026096000056],[-8.806219718999955,42.501662976000034],[-8.814705777999961,42.50240297600004],[-8.81687930499993,42.502592511000046],[-8.81808514599993,42.50995849100008],[-8.817467464999936,42.51253746700007],[-8.814632630999938,42.52437363300004],[-8.820269930999928,42.52282160100003],[-8.82738788599994,42.52086192200005],[-8.827060288999974,42.53081518600004],[-8.82748137599998,42.540891749000025],[-8.837697165999941,42.55304774200005],[-8.830944465999949,42.56199365900005],[-8.830656807999958,42.562374746000046],[-8.830636880999975,42.563042421000034],[-8.830290771999955,42.57463909900008],[-8.824816560999977,42.57804824500005],[-8.808660742999962,42.576740382000025],[-8.80851619699996,42.57672868100008],[-8.807787015999963,42.57728498600005],[-8.801201454999955,42.58230922600006],[-8.800117052999951,42.58206575600008],[-8.797092114999941,42.58138659700006],[-8.789266804999954,42.58882883200005],[-8.78357254499997,42.594244339000056],[-8.780091374999927,42.59454797600006],[-8.771060577999947,42.59533566500005],[-8.767064408999943,42.602547360000074],[-8.773175735999928,42.61003745800008],[-8.774449971999957,42.61159917400005],[-8.777363990999959,42.61463057100008],[-8.774239768999962,42.62053563000006],[-8.760102891999964,42.63593016100003],[-8.752245140999946,42.640614553000034],[-8.74745465899997,42.643470395000065],[-8.741853502999959,42.64947620500004],[-8.739522602999955,42.65882288900008],[-8.73934337299994,42.659541585000056],[-8.73903828799996,42.65993871000006],[-8.72565865799993,42.67735480400006],[-8.727841170999966,42.68439630600005],[-8.725707031999946,42.687656376000064],[-8.72674928999993,42.68825152200003],[-8.731011900999931,42.68490418400006],[-8.73060264399993,42.68315079700005],[-8.730029337999952,42.680694569000025],[-8.728830652999932,42.67555901800006],[-8.734165794999967,42.671164522000026],[-8.744207708999966,42.66289311100007],[-8.74898259899993,42.65144632400006],[-8.757056850999959,42.64774323300003],[-8.763575396999954,42.650192762000074],[-8.769222046999971,42.65231465100004],[-8.775473458999954,42.64591197300007],[-8.779337317999932,42.641954620000035],[-8.796025704999977,42.63732122400006],[-8.82044957599993,42.645811525000056],[-8.81744497099993,42.65573634400005],[-8.81525907799994,42.66295679000007],[-8.829064294999966,42.66759942200008],[-8.841333340999938,42.68638621000008],[-8.842656038999962,42.66666023500005],[-8.84279059499994,42.66465353900003],[-8.84426769299995,42.664420893000056],[-8.85153559899993,42.663276180000025],[-8.859157289999928,42.64627539000003],[-8.856218570999943,42.64177516700005],[-8.849548231999961,42.64007317800008],[-8.846158336999963,42.63920822000006],[-8.839599543999952,42.63286470400004],[-8.842829005999931,42.62966964000003],[-8.850409895999974,42.62834424700003],[-8.856679825999947,42.62724805300007],[-8.857742813999948,42.61747834300007],[-8.858750658999952,42.608215449000056],[-8.863151243999937,42.60739596700006],[-8.885155525999949,42.61659861600003],[-8.88367339399997,42.623982897000076],[-8.881571164999968,42.62550501800007],[-8.875634519999949,42.62980345200003],[-8.879326143999947,42.636462563000066],[-8.899876209999945,42.64137502500006],[-8.906616782999947,42.631748034000054],[-8.931883331999927,42.61159917400005],[-8.93682260099996,42.60779293500008],[-8.936456462999956,42.603613196000026],[-8.931713712999965,42.59775993900007],[-8.930468001999941,42.59742235700003],[-8.921497656999975,42.59499143800008],[-8.920649827999966,42.587688085000025],[-8.938837040999942,42.58354716800005],[-8.94107274299995,42.583038137000074],[-8.950831729999948,42.584789072000035],[-8.957348918999969,42.58083795600004],[-8.962582981999958,42.57244286300005],[-8.96435401499997,42.56960224300008],[-8.970128728999953,42.568914249000045],[-8.981339798999954,42.56757857200006],[-8.989449925999963,42.56322234500004],[-8.990387280999926,42.55664821400006],[-8.986863015999973,42.55041963200006],[-8.984154946999979,42.54563354700008],[-8.987913615999958,42.53818582300005],[-9.021703835999972,42.51791805100004],[-9.032005781999942,42.52030281700007],[-9.040868148999948,42.51872564300004],[-9.040288754999949,42.53466930500008],[-9.036062909999941,42.53931960600005],[-9.03207882099997,42.54370386700003],[-9.030887741999948,42.54985974600004],[-9.041754821999973,42.56657424700006],[-9.05830634299997,42.576785880000045],[-9.066258174999973,42.574709066000025],[-9.070774288999928,42.57352957300003],[-9.077671619999933,42.56820587800007],[-9.090158042999974,42.57415789200007],[-9.08945885299994,42.577264454000044],[-9.081863444999954,42.57942053900007],[-9.079419580999968,42.58218989300008],[-9.077661113999966,42.58418256500005],[-9.077682695999954,42.584911711000075],[-9.078035346999968,42.596826004000036],[-9.068744272999936,42.598918834000074],[-9.065002227999969,42.59976173600006],[-9.059626503999937,42.61159917400005],[-9.059853287999942,42.612851618000036],[-9.060724014999948,42.61766032200006],[-9.058374790999949,42.61879867700003],[-9.053715906999969,42.622469316000036],[-9.047007692999955,42.627754579000054],[-9.039339781999956,42.63974548300007],[-9.03762958699997,42.64864770200006],[-9.039761840999972,42.65200777900003],[-9.041963069999952,42.655476547000035],[-9.041201035999961,42.668778779000036],[-9.031883449999953,42.676487562000034],[-9.031092858999955,42.67714164700004],[-9.030799964999972,42.67985417400007],[-9.028464463999967,42.701483531000065],[-9.021993713999962,42.708666882000045],[-9.015125154999964,42.71052129800006],[-9.010579039999925,42.71174868600008],[-9.009249681999961,42.716695034000054],[-9.00676357499998,42.72594547400007],[-8.998561528999971,42.72792576100005],[-8.996502891999967,42.72842279500003],[-8.994203950999974,42.732504548000065],[-8.989234668999927,42.74132747200008],[-8.976923256999953,42.743580706000046],[-8.97383261899995,42.742759500000034],[-8.968907465999962,42.741450848000056],[-8.956908684999974,42.746846721000054],[-8.952355976999968,42.75209319500004],[-8.951669804999938,42.75656829500008],[-8.951421639999978,42.758186789000035],[-8.943618972999957,42.76487602000003],[-8.940934394999942,42.76717751000007],[-8.939620868999953,42.77392965900003],[-8.932803933999935,42.77727510600005],[-8.927924349999955,42.783896656000024],[-8.912563869999929,42.79110858300004],[-8.901916004999975,42.78603598700005],[-8.891187320999961,42.78092488800007],[-8.89209174399997,42.788353862000065],[-8.898563395999929,42.79146170000007],[-8.898931265999977,42.791638360000036],[-8.89842000599998,42.79240357800006],[-8.896129619999954,42.795831666000026],[-8.89739856899996,42.799113016000035],[-8.89945920799994,42.80444158100005],[-8.896508041999937,42.812672236000026],[-8.895669010999939,42.81501225300008],[-8.886601197999937,42.813517938000075],[-8.878711564999946,42.816999793000036],[-8.87577314999993,42.82835393100004],[-8.879396209999982,42.825904061000074],[-8.88138332099993,42.81863027000003],[-8.88669158099998,42.81698268200006],[-8.898901818999946,42.82708373400004],[-8.905143523999925,42.81827562700005],[-8.907753703999958,42.80785657800004],[-8.909288919999938,42.80172845900006],[-8.921161866999967,42.797468167000034],[-8.925663508999946,42.800187175000076],[-8.93385378499994,42.805134132000035],[-8.94374156999993,42.799599853000075],[-8.947608524999964,42.79147131700006],[-8.951136248999944,42.78405586100007],[-8.95792562899993,42.78093342200003],[-8.96452674699998,42.779613727000026],[-8.966235866999966,42.78460369600003],[-8.967064790999927,42.78702383400008],[-8.974333439999953,42.79014006600005],[-8.978514347999976,42.78478482600008],[-8.982875225999976,42.77919906500006],[-9.013366977999965,42.78418176800005],[-9.014684988999932,42.78736709700007],[-9.015634388999956,42.78966158000003],[-9.012648772999967,42.79591556500003],[-9.019063496999934,42.800087846000054],[-9.029090708999945,42.79776845300006],[-9.040783562999934,42.78811096900006],[-9.058374790999949,42.786388086000045],[-9.063232630999948,42.786550618000035],[-9.064898288999927,42.78452074300003],[-9.058374790999949,42.77679049000005],[-9.052901988999963,42.77287895200004],[-9.049193368999966,42.77022831600004],[-9.053772785999968,42.76487602000003],[-9.058374790999949,42.75949732300006],[-9.07182576599996,42.75730974100003],[-9.076476983999953,42.75655329600005],[-9.078329529999962,42.754058101000055],[-9.079681366999978,42.752237312000034],[-9.077222915999926,42.74078933900006],[-9.086172947999955,42.73843986400004],[-9.098259796999969,42.75272343200004],[-9.099702935999971,42.754428854000025],[-9.101188381999975,42.75444266800008],[-9.11432820799996,42.75456486200005],[-9.113815445999933,42.76100572100006],[-9.118131003999963,42.76487602000003],[-9.125300537999976,42.77130583400003],[-9.12577857599996,42.776700547000075],[-9.134755602999974,42.790406725000025],[-9.149975145999974,42.79979364600007],[-9.148032954999962,42.802940826000054],[-9.127982385999928,42.80760417600004],[-9.112697142999934,42.81115920900004],[-9.105826526999977,42.82323900200004],[-9.10634966699996,42.83325178700005],[-9.110177112999963,42.84053002300004],[-9.120635307999976,42.84698542600006],[-9.125340257999937,42.84565603800007],[-9.129473234999978,42.84448826100004],[-9.137688835999938,42.85058505500007],[-9.149696712999969,42.87187411100007],[-9.146624024999937,42.88263886300007],[-9.140947988999926,42.88479391000004],[-9.140033851999931,42.88514098500008],[-9.140601127999957,42.888213465000035],[-9.14175703099994,42.89447406000005],[-9.139835903999938,42.89575748900006],[-9.125363469999968,42.90542595100004],[-9.137562955999954,42.910388934000025],[-9.143521977999967,42.910968438000054],[-9.160374677999926,42.91260733200005],[-9.170034360999978,42.92945619300008],[-9.170116881999945,42.92972269400008],[-9.174374383999975,42.94347220800006],[-9.183210366999958,42.94590903400007],[-9.189092854999956,42.953889168000046],[-9.190955117999977,42.95110289200005],[-9.192136895999965,42.94597336100003],[-9.185607085999948,42.933224935000055],[-9.184612951999952,42.93128404600003],[-9.184033864999947,42.91637409700007],[-9.208541860999958,42.917549404000056],[-9.208551213999954,42.92492705300003],[-9.20855430399996,42.92736466100007],[-9.21430195299996,42.92986870200008],[-9.215942260999952,42.93376544600005],[-9.220917742999973,42.94277288400008],[-9.231990666999934,42.93924937300005],[-9.234084959999961,42.931563793000066],[-9.235108612999966,42.927807218000055],[-9.24424126799994,42.92611217700005],[-9.25185634199994,42.92469880200008],[-9.26201419499995,42.91873163900004],[-9.262134900999968,42.910409188000074],[-9.262340105999954,42.896260684000026],[-9.268816482999966,42.882965487000035],[-9.27396225299998,42.882513094000046],[-9.280693110999948,42.892571617000044],[-9.27725615299994,42.907424881000054],[-9.276568578999957,42.91039632400003],[-9.281196079999972,42.916564513000026],[-9.282545293999931,42.91836293800003],[-9.29259731899998,42.92077190300006],[-9.296093079999935,42.92499860100003],[-9.288897322999958,42.94052486100003],[-9.282981104999976,42.94524533500004],[-9.28212580099995,42.955223825000076],[-9.276843896999935,42.95900744900007],[-9.268692494999925,42.964846600000044],[-9.260543922999943,42.97591016300004],[-9.26228790099998,42.98207938000007],[-9.260119194999959,43.00002442700003],[-9.257118841999954,43.002486987000054],[-9.264173160999974,43.01096309300004],[-9.272335452999926,43.01180451300007],[-9.277377034999972,43.01232423000005],[-9.278431023999929,43.01612511800005],[-9.278935429999933,43.01794410200006],[-9.284877518999963,43.03937242200004],[-9.28788050999998,43.04413258900007],[-9.297300510999946,43.04840030200006],[-9.297869558999935,43.05567447800007],[-9.29257690999998,43.057190940000055],[-9.286421103999942,43.047755890000076],[-9.28634169299994,43.04763417600003],[-9.277500216999954,43.044681214000036],[-9.27196169399997,43.04521384200007],[-9.268247881999969,43.05031298800003],[-9.262383308999972,43.04934278300004],[-9.249657360999947,43.071849335000024],[-9.251068474999954,43.076645204000044],[-9.254049952999935,43.086778174000074],[-9.25517866399997,43.09061425500005],[-9.247836867999979,43.092135],[-9.244587756999977,43.086778174000074],[-9.244474735999972,43.086778174000074],[-9.242582445999972,43.086778174000074],[-9.234642203999954,43.09117409800007],[-9.222073652999939,43.08896087900007],[-9.222507745999962,43.098453506000055],[-9.222514997999951,43.098612098000046],[-9.220076522999932,43.10290625500005],[-9.222055553999951,43.10952410200008],[-9.219270286999972,43.11249663400008],[-9.212335610999958,43.102429088000065],[-9.208003918999964,43.10255749600003],[-9.199031289999937,43.10282347800006],[-9.197093415999973,43.09908093800004],[-9.193096227999945,43.09136132900005],[-9.186226225999974,43.09104455600004],[-9.182775237999977,43.09343887000006],[-9.18253402099998,43.10226156900006],[-9.18252893999994,43.102447408000046],[-9.18226141699995,43.10250197900007],[-9.166937115999929,43.10562790300003],[-9.158191191999947,43.12743425800005],[-9.165584227999943,43.133109105000074],[-9.168188726999972,43.14454721700008],[-9.176390559999959,43.13512271500008],[-9.18460500499998,43.12568372000004],[-9.192719699999941,43.12519021000003],[-9.20304366399995,43.131693787000074],[-9.205110979999972,43.141830267000046],[-9.208003918999964,43.14596624100005],[-9.21184818699993,43.151462311000046],[-9.211511428999927,43.15806232700004],[-9.208003918999964,43.15740535100008],[-9.201176892999968,43.15612660900007],[-9.19982211499996,43.15674907400006],[-9.186363288999928,43.16293285000006],[-9.182304660999932,43.170267436000074],[-9.173432359999936,43.186301092000065],[-9.158757249999951,43.18477495700006],[-9.157381387999976,43.184631875000036],[-9.150464473999932,43.18982724800003],[-9.14824562299998,43.191493852000065],[-9.136602448999952,43.19202825800005],[-9.12891756099998,43.19601212900005],[-9.117522375999954,43.19344595200005],[-9.11223143799998,43.18924047100006],[-9.10997060799997,43.187443459000065],[-9.09553385199996,43.18880540200007],[-9.080323603999943,43.181274287000065],[-9.077528237999957,43.18187413600003],[-9.07489540399996,43.186143575000074],[-9.06634439499993,43.185350106000044],[-9.059404571999949,43.185156808000045],[-9.040560652999943,43.19446325400003],[-9.035406340999941,43.200812056000075],[-9.034323011999959,43.20914927500007],[-9.033813952999935,43.213066956000034],[-9.027753989999951,43.214155162000054],[-9.020762635999972,43.215410621000046],[-9.010844159999976,43.22477507700006],[-9.011108397999976,43.22643107500005],[-9.012088037999945,43.23257053700007],[-9.00402724199995,43.22990082100006],[-9.002843844999973,43.22375146100006],[-9.001790255999936,43.21827663000005],[-8.993899392999936,43.21668405500003],[-8.990516087999936,43.219379342000025],[-8.989582717999951,43.22029606400008],[-8.981416255999932,43.228316868000036],[-8.971000233999973,43.22436343800007],[-8.964815883999961,43.22822572300004],[-8.953790216999948,43.22961087600004],[-8.949883578999959,43.22854022900003],[-8.943028330999937,43.22666149100007],[-8.93914418299994,43.228275558000064],[-8.937881163999975,43.23292139000006],[-8.942651823999938,43.240608759000054],[-8.95091328199993,43.246585915000026],[-8.952961308999932,43.26346339400004],[-8.967930022999951,43.26316619900007],[-8.97694047799996,43.262987302000056],[-8.988083150999955,43.27498480200006],[-8.983357466999962,43.28155239500006],[-8.964074882999967,43.28689824300005],[-8.956419432999951,43.293045978000066],[-8.937098263999928,43.28892771000005],[-8.93623097099993,43.28838188200007],[-8.928025763999926,43.28321796500006],[-8.926876447999973,43.29057348900005],[-8.926657665999926,43.29197367800003],[-8.924191208999957,43.29224122900007],[-8.908157538999944,43.29398049500003],[-8.909610829999963,43.30175487400004],[-8.906451467999943,43.30623236900004],[-8.908469368999931,43.30972632100003],[-8.911840250999944,43.315562932000034],[-8.91001966999994,43.32051271900008],[-8.885316300999932,43.31980453700004],[-8.88353855899993,43.31853377500005],[-8.875944920999927,43.313105705000055],[-8.871544430999961,43.319960809000065],[-8.870582713999966,43.32145897600003],[-8.867708250999954,43.32041722900004],[-8.860732815999938,43.31788922900006],[-8.847910058999958,43.32037844000007],[-8.847728851999932,43.324703957000054],[-8.847537724999938,43.32926628400003],[-8.84718565999998,43.337670280000054],[-8.837557946999937,43.34469943700003],[-8.830108175999953,43.34063149800005],[-8.827964110999972,43.33163151000008],[-8.82770108799997,43.33052743700006],[-8.81845597499995,43.326300048000064],[-8.814965394999945,43.324703957000054],[-8.812946747999945,43.324703957000054],[-8.807224405999932,43.324703957000054],[-8.802718210999956,43.31747547000003],[-8.799430153999936,43.312201024000046],[-8.778054948999966,43.301570766000054],[-8.761208690999979,43.30098723200007],[-8.744224602999964,43.293960079000044],[-8.730667971999935,43.295772345000046],[-8.711825689999955,43.28974515600004],[-8.690478648999942,43.29517892500007],[-8.637521299999946,43.307857521000074],[-8.633102077999979,43.310223896000025],[-8.63243670299994,43.31058018600004],[-8.624071777999973,43.31505937800006],[-8.61133893999994,43.31537862700003],[-8.610405846999981,43.31540202200006],[-8.61023464799996,43.31564018500006],[-8.60636928799994,43.321017459000075],[-8.602116010999964,43.31827664200006],[-8.591892019999932,43.32087328800003],[-8.590247587999954,43.31722824000008],[-8.589874364999957,43.31640095400007],[-8.586059537999972,43.31555211800003],[-8.58139529899995,43.31692164700007],[-8.579835164999963,43.31737973800006],[-8.57763252899997,43.316791325000054],[-8.557286661999967,43.31135612400004],[-8.545452122999961,43.31213390400006],[-8.53331671199993,43.31621635100004],[-8.52140321099995,43.324703957000054],[-8.517729773999974,43.327321046000066],[-8.50773692599995,43.32829573500004],[-8.501391675999969,43.33732827100005],[-8.49708362399997,43.345375887000046],[-8.49419895799997,43.35076455900003],[-8.497392714999933,43.35534854800005],[-8.493373239999926,43.35895783800004],[-8.487222335999945,43.358878514000025],[-8.487695237999958,43.354509576000055],[-8.48740232199998,43.35437382400005],[-8.484793155999967,43.35316460200005],[-8.47608366299994,43.35349801900003],[-8.469005722999952,43.35765433000006],[-8.458936961999939,43.36094045400006],[-8.457310509999957,43.36801301100007],[-8.457181245999948,43.36857511100004],[-8.447531778999974,43.373280847000046],[-8.439730581999981,43.38115231900008],[-8.422978559999933,43.377369299000065],[-8.421964850999927,43.377140379000025],[-8.41702292399998,43.37153199800008],[-8.408090655999956,43.369895616000065],[-8.40438665499994,43.374236186000076],[-8.408661648999953,43.378263978000064],[-8.410218468999972,43.37973077400005],[-8.410184250999976,43.38363047100006],[-8.406767678999927,43.38727555600008],[-8.396665777999942,43.38818616700007],[-8.392704139999978,43.38566048500007],[-8.395041280999976,43.38030135100007],[-8.389002346999973,43.36920112900003],[-8.395214280999937,43.36832325300003],[-8.398923684999943,43.367799037000054],[-8.403136397999958,43.36212322100005],[-8.388190521999945,43.35414165200007],[-8.384153362999939,43.34695990000006],[-8.384153362999939,43.34330077800007],[-8.384153362999939,43.33944037600003],[-8.362235172999931,43.34189928700005],[-8.34980719799995,43.34669259100008],[-8.34722077999993,43.360422361000076],[-8.338779272999943,43.37718841900005],[-8.342920596999932,43.381906901000036],[-8.344001998999943,43.38199344000003],[-8.350489511999967,43.38251260200008],[-8.347114633999979,43.396354589000055],[-8.32907142099998,43.40238801900006],[-8.305819527999972,43.40304123400006],[-8.298228069999936,43.39720440100007],[-8.297762094999939,43.39199963200008],[-8.297284174999959,43.38666144700005],[-8.287753950999956,43.383451009000055],[-8.281171373999939,43.38470500600005],[-8.275173174999964,43.38584767700007],[-8.266153592999956,43.38324120500005],[-8.258858961999977,43.36977966500007],[-8.250417225999968,43.36469758000004],[-8.251751457999944,43.35732220300008],[-8.252836761999959,43.35132285600008],[-8.24884730499997,43.348243756000045],[-8.24406995499993,43.348746704000064],[-8.240777030999936,43.34385502400005],[-8.230060532999971,43.34230944900003],[-8.22583852799994,43.33732827100005],[-8.223468890999925,43.33373364300007],[-8.209778244999939,43.32762914300008],[-8.208697577999942,43.331895332000045],[-8.21342115899995,43.33732827100005],[-8.213167234999958,43.339576194000074],[-8.211492434999968,43.340477358000044],[-8.204595028999961,43.33732827100005],[-8.202696475999971,43.33732827100005],[-8.211238296999966,43.34921894400003],[-8.216481477999935,43.352163156000074],[-8.218563288999974,43.35333215900005],[-8.216293148999966,43.35547965600006],[-8.208757635999973,43.362608065000074],[-8.215626176999933,43.36722507500008],[-8.217852551999954,43.36872163700008],[-8.215091339999958,43.37664360200006],[-8.214734986999929,43.37766598500008],[-8.215010355999937,43.37806973800008],[-8.219659470999943,43.38488639800005],[-8.219438433999926,43.39155126800006],[-8.206743710999945,43.40727020800006],[-8.198723340999948,43.40984604600004],[-8.18935844999993,43.412853692000056],[-8.174435288999973,43.41260133700007],[-8.174975333999953,43.41916114500003],[-8.18531466199994,43.424012],[-8.19557666299994,43.426163056000064],[-8.21261500099996,43.41984795900004],[-8.224592979999954,43.42695277200005],[-8.236816656999963,43.42902348600006],[-8.24127558899994,43.42616859200007],[-8.241347119999944,43.423530493000044],[-8.241453315999934,43.41961392400003],[-8.246026023999946,43.41870814500004],[-8.256984199999977,43.421403378000036],[-8.266646837999929,43.42781501500008],[-8.279352586999948,43.43624590600007],[-8.284933470999931,43.43628631000007],[-8.295134809999979,43.436360164000064],[-8.312033773999929,43.443770295000036],[-8.306542351999951,43.44776303900005],[-8.30986104699997,43.45340495900007],[-8.305710193999971,43.45423093200003],[-8.279733307999948,43.45940003800007],[-8.271687344999975,43.463271321000036],[-8.26763927199994,43.45640045300007],[-8.257296595999946,43.46336655500005],[-8.253913821999959,43.46564495400003],[-8.250005324999961,43.463033997000025],[-8.247896865999962,43.46162550200006],[-8.220540444999926,43.458858580000026],[-8.20489090999996,43.45975481000005],[-8.202770714999929,43.46087960400007],[-8.173675221999929,43.476315182000064],[-8.170736877999957,43.48012964600008],[-8.16810444999993,43.483546981000075],[-8.167420296999978,43.48613332300005],[-8.164374149999958,43.497648851000065],[-8.152599667999937,43.51397802100007],[-8.152518247999978,43.51409093700005],[-8.15516684399995,43.51399261500006],[-8.163854408999953,43.51367011200006],[-8.168432655999936,43.51350015700007],[-8.167594261999966,43.51020738700004],[-8.167244797999956,43.50883487800007],[-8.17422483699994,43.49724005300004],[-8.18744320999997,43.491829266000025],[-8.198430961999975,43.48733155700006],[-8.19563308599993,43.48424626700006],[-8.193519610999942,43.48191568400006],[-8.203412884999977,43.47798932200004],[-8.205914998999958,43.47915709100005],[-8.213837848999958,43.482854787000065],[-8.220977500999936,43.477440896000076],[-8.232719202999931,43.48019331100005],[-8.241231035999931,43.478615422000075],[-8.245401705999939,43.47784228100005],[-8.248040910999975,43.48282116000007],[-8.247859010999946,43.483224593000045],[-8.244810701999938,43.48998538600006],[-8.248437046999982,43.491894485000046],[-8.255143230999977,43.48829012500005],[-8.258050881999964,43.486727356000074],[-8.265964482999948,43.46945919800004],[-8.274895061999928,43.46654111300006],[-8.287891504999948,43.46229449900005],[-8.296006194999961,43.46140924200006],[-8.31518730199997,43.46923985400008],[-8.322593862999952,43.466256275000035],[-8.337651533999974,43.46019060500004],[-8.344408080999926,43.463211528000045],[-8.340088303999948,43.473009981000075],[-8.333206392999955,43.478110935000075],[-8.326273156999946,43.483249932000035],[-8.319992554999942,43.49467447600006],[-8.31977386799997,43.50138561000006],[-8.324933810999937,43.50525622300006],[-8.328664984999932,43.50805507800004],[-8.326936170999943,43.51875720600003],[-8.315835797999966,43.52624590400006],[-8.312933229999942,43.52616217900004],[-8.304016499999932,43.52590497500006],[-8.297360523999942,43.53432017600005],[-8.303780943999925,43.54493051400004],[-8.30934431199995,43.54627643400005],[-8.31178700199996,43.54686738300006],[-8.315561007999975,43.55273320100008],[-8.323253286999943,43.55604742600008],[-8.321002133999968,43.564366979000056],[-8.309662146999926,43.56742002900006],[-8.30043522699998,43.56076691900006],[-8.294538208999938,43.55651484900005],[-8.268717464999952,43.555575297000075],[-8.257905642999958,43.55882643500007],[-8.223658688999933,43.57717161900007],[-8.217481489999955,43.58217390300007],[-8.216264176999971,43.58969694900003],[-8.19264954199997,43.603795484000045],[-8.193669221999926,43.609177800000055],[-8.193910910999932,43.61045353800006],[-8.18527387699993,43.619780922000075],[-8.176478570999961,43.61552830000005],[-8.17268448699997,43.61369382100003],[-8.15297301399994,43.61677108200007],[-8.145827528999973,43.62427182300007],[-8.137036863999981,43.63349953800008],[-8.122796404999974,43.64099539500006],[-8.118073552999931,43.64113229600008],[-8.11363410399997,43.64126098300005],[-8.102646188999927,43.64808290000008],[-8.099221230999945,43.65258503700005],[-8.091857765999976,43.66226437500006],[-8.088085755999941,43.660136815000044],[-8.084550182999976,43.652555508000034],[-8.08144195899996,43.64589056300008],[-8.067044499999952,43.64357069500005],[-8.069817951999937,43.649483005000036],[-8.05472793399997,43.64925848100006],[-8.052213760999962,43.652778365000074],[-8.056361101999926,43.65886205600003],[-8.067757235999977,43.659610472000054],[-8.073792975999936,43.66000685600005],[-8.071150479999972,43.67551761000004],[-8.074085558999968,43.68129828600007],[-8.06677242099994,43.68317580300004],[-8.06557524599998,43.68916269700003],[-8.065136516999928,43.69135671600003],[-8.062918053999965,43.70308513400005],[-8.048486552999975,43.71207846900006],[-8.032515320999948,43.71334552500008],[-8.025570580999954,43.70991404800003],[-8.01735057899998,43.71169107400004],[-8.012788498999953,43.709644764000075],[-8.00197103599993,43.70479261600008],[-7.960208971999975,43.72321595900007],[-7.946928253999943,43.73447026600007],[-7.946488795999926,43.738976656000034],[-7.946322717999976,43.740679698000065],[-7.943202836999944,43.74066042800007],[-7.930499905999966,43.74058196800007],[-7.92397306099997,43.74316700300005],[-7.91326756199993,43.75599968100005],[-7.904670477999957,43.76630500200008],[-7.889253418999942,43.76403399700007],[-7.870883866999975,43.76755106600007],[-7.86570437499995,43.76854274100003],[-7.861234557999978,43.75946834900003],[-7.865718241999957,43.74414604300006],[-7.869069864999972,43.73269238000006],[-7.860258951999981,43.72525004700003],[-7.854919351999968,43.720739836000064],[-7.851777159999926,43.71249798300005],[-7.861098989999959,43.71116427700008],[-7.867189897999936,43.71358272300006],[-7.870883866999975,43.715049445000034],[-7.873437801999955,43.71606350600007],[-7.872226568999963,43.70689383200005],[-7.877549754999961,43.69614328500006],[-7.880548849999968,43.69008640100003],[-7.881284849999929,43.68985574900006],[-7.883496349999973,43.68916269700003],[-7.88791628499996,43.687777554000036],[-7.889939694999953,43.68324296000003],[-7.879888857999958,43.681272136000075],[-7.875435954999944,43.68039898600006],[-7.873798059999956,43.67446712200007],[-7.878410286999951,43.67499206000008],[-7.887828124999942,43.676063946000056],[-7.897261296999943,43.67141124600005],[-7.897045299999945,43.668854278000026],[-7.875223275999929,43.66336694200004],[-7.870883866999975,43.66438331900008],[-7.84676247699997,43.670033035000074],[-7.846338278999951,43.67548943200006],[-7.853389562999951,43.681786971000065],[-7.859034017999932,43.68682806400005],[-7.859548597999947,43.68916269700003],[-7.862023427999929,43.70039093100007],[-7.850965110999937,43.70363273900006],[-7.839992463999977,43.69848946700006],[-7.832584525999948,43.695017101000076],[-7.818537953999964,43.695047748000036],[-7.823431566999943,43.70306694200008],[-7.827540596999938,43.70980043600008],[-7.824467914999957,43.713472496000065],[-7.81262507699995,43.71559656000005],[-7.81068931599998,43.72439433200003],[-7.800281444999939,43.723981243000026],[-7.799618394999925,43.72395492600003],[-7.799276268999961,43.724340082000026],[-7.790717620999942,43.73397518500008],[-7.777151910999976,43.734276461000036],[-7.749398497999948,43.74532769100006],[-7.734263746999943,43.74754901400007],[-7.724531468999942,43.74897741700005],[-7.721989124999936,43.75377355200004],[-7.721516982999958,43.75466424800004],[-7.718365436999932,43.75581869600006],[-7.715812674999938,43.75675380200005],[-7.71579294299994,43.757270565000056],[-7.71551197499997,43.76462874500004],[-7.687802049999959,43.77604909100006],[-7.685835495999982,43.78923681500004],[-7.676533695999979,43.78631517300005],[-7.662445663999961,43.77625198800007],[-7.665789471999972,43.771668404000025],[-7.67432582899994,43.769568450000065],[-7.675097493999942,43.769378620000055],[-7.675664491999953,43.76575237600008],[-7.676338881999925,43.761439308000035],[-7.680391362999956,43.75973623600004],[-7.685835495999982,43.75744831700007],[-7.690780156999949,43.74948244800004],[-7.68996087499994,43.74755660900007],[-7.687982068999929,43.742905145000066],[-7.696694526999977,43.738986332000025],[-7.69877185699994,43.73805196100005],[-7.699736359999974,43.735114829000054]]],[[[3.22626419900007,42.04817190600005],[3.223407509000026,42.04503637200003],[3.218244994000031,42.047998482000025],[3.223897364000038,42.05007845200004],[3.22626419900007,42.04817190600005]]],[[[3.012931765000076,39.302914447000035],[3.012251821000064,39.30191915900008],[3.007215335000069,39.30485651200007],[3.009476292000045,39.30646155900007],[3.010939341000039,39.30750017300005],[3.01439719800004,39.305059517000075],[3.012931765000076,39.302914447000035]]],[[[2.979502153000055,39.16630290900008],[2.975326362000033,39.16565845700006],[2.97224522800002,39.16919964400006],[2.97729997600004,39.170430655000075],[2.979502153000055,39.16630290900008]]],[[[2.974958867000055,39.19521116400006],[2.968678155000021,39.19479621000005],[2.970240254000032,39.198575308000045],[2.974729549000074,39.19903278500004],[2.974958867000055,39.19521116400006]]],[[[2.973095048000062,39.15674609300004],[2.969481360000032,39.15008530400007],[2.963723961000028,39.14794573900008],[2.958863177000069,39.146139375000075],[2.958925223000051,39.14373384400005],[2.958629985000073,39.141076643000076],[2.95810031700006,39.13630953100005],[2.949657124000055,39.12673164200004],[2.946112193000033,39.12742865000007],[2.930464358000052,39.130505346000064],[2.913854635000064,39.14373384400005],[2.918362523000042,39.15164182600006],[2.920216328000038,39.15489387300005],[2.92372866300002,39.15209397900003],[2.932075041000076,39.145440578000034],[2.933079124000074,39.152881851000075],[2.933354537000071,39.15492293900007],[2.939607636000062,39.15343194500008],[2.948099168000056,39.15140721700004],[2.948153590000061,39.156774072000076],[2.948195558000066,39.16091268500003],[2.951507274000051,39.16421014800005],[2.955387744000063,39.163606515000026],[2.956426795000027,39.16344488400006],[2.966329287000065,39.161904486000026],[2.970477158000051,39.15874204100004],[2.97127766400007,39.158131714000035],[2.973095048000062,39.15674609300004]]],[[[2.964852534000045,39.17561932600006],[2.964819879000061,39.175568750000025],[2.960448081000038,39.176221301000055],[2.958285980000028,39.17854687200003],[2.954852319000054,39.18224014100008],[2.96308595000005,39.190089003000026],[2.972374751000075,39.18726946900006],[2.964852534000045,39.17561932600006]]],[[[2.926691740000024,39.12922714000007],[2.923667820000048,39.127105957000026],[2.918163378000031,39.129423830000064],[2.923420202000045,39.131842766000034],[2.926691740000024,39.12922714000007]]],[[[2.321625124000036,39.57812340300006],[2.302839591000065,39.57460608400004],[2.309753262000072,39.58123897200005],[2.319767420000062,39.59084642900007],[2.327328927000053,39.59342405900003],[2.337208188000034,39.59679178500005],[2.335919653000076,39.59296564500005],[2.335792679000065,39.59258861200004],[2.33471895100007,39.589400314000045],[2.332362120000028,39.587370520000036],[2.324984088000065,39.581016273000046],[2.321625124000036,39.57812340300006]]],[[[1.981422548000069,42.44774970700007],[1.980870368000069,42.44774239000003],[1.973076229000071,42.44988495000007],[1.960055196000042,42.45346435000005],[1.95882659800003,42.45580132100008],[1.957214709000027,42.45886736500006],[1.960259966000024,42.47033310900008],[1.961187811000059,42.47372422400008],[1.962136956000052,42.47719318500003],[1.963007533000052,42.477722466000046],[1.976510438000048,42.48593176300005],[1.977200911000068,42.48744324900008],[1.980553223000072,42.49478166200004],[1.989505690000044,42.49354136200003],[1.998359767000068,42.48498895000006],[1.992724966000026,42.48337403100004],[1.99198573700005,42.48213604700004],[1.986611419000042,42.47313570500006],[1.993032594000056,42.46234336300006],[2.002404234000039,42.45848964600003],[2.002815274000056,42.45832062200003],[2.012909956000044,42.453113759000075],[2.013115835000065,42.44985051000003],[2.009375422000062,42.44812013600006],[1.981422548000069,42.44774970700007]]],[[[1.648817158000043,39.034039687000075],[1.642435707000061,39.03327427100004],[1.635790949000068,39.03863776500003],[1.645205714000042,39.03987964300006],[1.648817158000043,39.034039687000075]]],[[[1.539666214000022,39.11529812500004],[1.540557873000068,39.10848720300004],[1.540827644000046,39.10642656400006],[1.557292106000034,39.09431224700006],[1.566777649000073,39.09567746400006],[1.575735996000049,39.09696680300004],[1.58013870800005,39.09760046800005],[1.592917465000028,39.09589108200004],[1.59989199000006,39.09190635600004],[1.601678397000057,39.08843466500008],[1.600030659000026,39.08199809300004],[1.604705872000068,39.07736953800003],[1.600257973000055,39.07478812100004],[1.594212492000054,39.07476592800003],[1.592578675000027,39.07475993000003],[1.589540440000064,39.06924818300007],[1.588348314000029,39.063421481000034],[1.591376806000028,39.056427394000025],[1.601046187000065,39.048709028000076],[1.607103280000047,39.04387409000003],[1.607264429000054,39.04052627400006],[1.607619305000071,39.03936583400008],[1.608729767000057,39.035734637000076],[1.610174390000054,39.03573397200006],[1.619313839000029,39.03572976400005],[1.617995156000063,39.026133162000065],[1.61018395900004,39.027892155000075],[1.606228488000056,39.02878288200003],[1.595469150000042,39.02206249500006],[1.594064972000069,39.015983332000076],[1.585710866000056,39.014739804000044],[1.579114019000031,39.00030104500007],[1.579055822000043,38.997373921000076],[1.578915172000052,38.99029961000008],[1.571329031000062,38.991592307000076],[1.566777649000073,38.992367874000024],[1.56315674800004,38.992984885000055],[1.552010438000025,38.99167307300007],[1.544837221000023,38.984156822000045],[1.539128213000026,38.985325309000075],[1.532554574000073,38.98133285000006],[1.531074272000069,38.96662937200006],[1.530007417000036,38.95603257000005],[1.525326128000074,38.95360187000006],[1.523491355000033,38.95264918700008],[1.524589933000073,38.95193336900007],[1.527486315000033,38.950046127000064],[1.527323350000074,38.946028031000026],[1.52045504900002,38.946086362000074],[1.510796632000051,38.946168389000036],[1.506608854000035,38.937875520000034],[1.504630843000029,38.93395855400007],[1.492777376000049,38.929673405000074],[1.490975784000057,38.92902211100005],[1.489425161000042,38.92768552900003],[1.47328596400007,38.913774121000074],[1.465867619000051,38.913715823000075],[1.465285516000051,38.91371124900007],[1.461518504000026,38.917522682000026],[1.454940540000052,38.91668337800007],[1.45207337100004,38.91063064700006],[1.43759959700003,38.91496233400005],[1.435487912000042,38.91171512300008],[1.43807771400003,38.90895188600007],[1.438615169000059,38.908378439000046],[1.437508679000075,38.90328808500004],[1.428202456000065,38.90388299800003],[1.422497798000052,38.90424767600007],[1.409950710000032,38.89093418600004],[1.403500793000035,38.877225818000056],[1.405037310000068,38.87290118000004],[1.40653222800006,38.86869362400006],[1.402280693000023,38.84819720300004],[1.405216556000028,38.83273968700007],[1.396188221000045,38.83696723300005],[1.385634891000052,38.841908862000025],[1.381391304000033,38.837139739000065],[1.379357922000054,38.83485453900005],[1.371346044000063,38.83282280200007],[1.368887743000073,38.84277324400006],[1.36679179600003,38.851256988000046],[1.359016709000059,38.86209738100007],[1.34519559000006,38.87023712700005],[1.335492812000041,38.86845323500006],[1.330522914000028,38.86753950100007],[1.32392572200007,38.861861945000044],[1.313018487000022,38.867907615000036],[1.302996179000047,38.86243716100006],[1.299581376000049,38.86435477400005],[1.30374727700007,38.868762323000055],[1.299376338000059,38.87334992700005],[1.297256148000031,38.87557521300005],[1.281686535000063,38.877225818000056],[1.278887023000038,38.87842081800005],[1.274493448000044,38.87797863600008],[1.272582256000021,38.879232364000075],[1.266130444000055,38.877225818000056],[1.259143635000044,38.86715687900005],[1.253430081000033,38.85892287300004],[1.248490252000067,38.85649130300004],[1.242758661000039,38.865421722000065],[1.240282250000064,38.86928023000007],[1.235196908000034,38.87056056000006],[1.226314813000045,38.87279679400007],[1.223818411000025,38.877225818000056],[1.22430736900003,38.887058327000034],[1.224382644000059,38.888572037000074],[1.222581976000072,38.88967231600003],[1.219448164000028,38.891587198000025],[1.213722752000024,38.902338049000036],[1.219875472000069,38.91182022100003],[1.222014577000039,38.92170845100003],[1.225355489000037,38.924746697000046],[1.231503625000073,38.93033784900007],[1.235302998000066,38.93886031300008],[1.224770199000034,38.94975509200003],[1.222337448000076,38.95080232300006],[1.218697270000064,38.952369316000045],[1.21550340400006,38.95846030200005],[1.216874879000045,38.95937158000004],[1.223979625000027,38.96409233500003],[1.227279967000072,38.96883160200008],[1.22980109100007,38.97245191600007],[1.233537263000073,38.96921949000006],[1.233789473000058,38.96900128500005],[1.234393465000039,38.96927256500004],[1.241233868000052,38.97234490100004],[1.241139224000051,38.96969073300005],[1.241100854000024,38.968614710000054],[1.244073135000065,38.96701370300008],[1.260606678000045,38.96998113500007],[1.264542179000046,38.96786581300006],[1.277487471000029,38.97194395100007],[1.282749182000032,38.97360154100005],[1.287586776000069,38.97257000400003],[1.302139078000039,38.96946696800006],[1.306802229000027,38.97421544000008],[1.306577169000036,38.97758702100003],[1.296515320000026,38.98009089800007],[1.294897579000065,38.98567851100006],[1.292000118000033,38.98780040300005],[1.285672064000039,38.99243461700007],[1.283840790000056,38.997576492000064],[1.289254151000023,39.00240419200003],[1.297352604000025,39.00962648800004],[1.294388239000057,39.01228632100003],[1.293289397000024,39.018884607000075],[1.291756434000035,39.028089683000076],[1.307825804000061,39.04052627400006],[1.321516533000022,39.046245912000074],[1.323547150000024,39.04709425200008],[1.324173864000045,39.04820078000006],[1.326764546000049,39.052774896000074],[1.33090098100007,39.05314959100008],[1.341400786000065,39.05410070600004],[1.344494630000042,39.06314977300008],[1.344873215000064,39.06425708200004],[1.346382381000069,39.06453849900004],[1.352164670000036,39.06561673300007],[1.352803634000054,39.066373568000074],[1.359407173000022,39.074195272000054],[1.362935331000074,39.073615774000075],[1.36510725200003,39.06744857600006],[1.365825193000035,39.065409972000054],[1.37086959800007,39.06382404800007],[1.379621865000047,39.06613817200008],[1.381716206000021,39.068899755000075],[1.389016172000026,39.07852544100007],[1.396324847000074,39.079386413000066],[1.405132055000024,39.076332781000076],[1.405649440000047,39.07615339400007],[1.414025001000027,39.077692230000025],[1.415173690000074,39.07958407500007],[1.420894783000051,39.08900648900004],[1.424761896000064,39.09116697400003],[1.434525773000075,39.085849919000054],[1.439942299000052,39.08290027400005],[1.449639443000024,39.08946028200006],[1.450461430000075,39.09100958700003],[1.452972471000066,39.09574247100005],[1.468486132000066,39.100123014000076],[1.474252486000069,39.10403166900005],[1.48280015000006,39.10229698000006],[1.489314393000029,39.109276582000064],[1.492784088000064,39.10471287300004],[1.495948650000059,39.100550508000026],[1.502775464000024,39.100712084000065],[1.507513558000028,39.10393608900006],[1.507889011000032,39.10960356600003],[1.508087542000055,39.11260040800005],[1.51283832200005,39.111206061000075],[1.514581822000025,39.11069434600006],[1.515541010000049,39.11208114100003],[1.518195252000055,39.11591864400003],[1.532797511000069,39.117795416000035],[1.539666214000022,39.11529812500004]]],[[[1.470293570000024,38.72370174400004],[1.478110116000039,38.711225529000046],[1.478115041000024,38.71119447700005],[1.479623649000075,38.701682462000065],[1.493984589000036,38.690216545000055],[1.503231002000064,38.684785015000045],[1.51099871100007,38.68022210600003],[1.528317041000037,38.67405870600004],[1.536170133000041,38.67811001900003],[1.549108992000072,38.684785015000045],[1.555651509000029,38.688160218000064],[1.566777649000073,38.690519626000025],[1.579890743000021,38.67833796200006],[1.582480542000042,38.66567701100007],[1.572406207000029,38.65410857400008],[1.566777649000073,38.651757056000065],[1.528640840000037,38.65308370100007],[1.513043262000053,38.66346697300003],[1.507975462000047,38.66684059600004],[1.478842820000068,38.680789823000055],[1.464448752000067,38.68470395400004],[1.456370874000072,38.684785015000045],[1.44876546200004,38.684785015000045],[1.438650032000055,38.68054983600007],[1.433471305000069,38.67262020100003],[1.429971796000075,38.66726177500004],[1.418602497000052,38.66092096600005],[1.405627459000073,38.64860664500003],[1.394805255000051,38.64231573100005],[1.388046753000026,38.64159567300004],[1.384296416000041,38.646777685000075],[1.386351931000036,38.664448546000074],[1.386626638000052,38.666810146000046],[1.385616976000051,38.67108995500007],[1.382386134000058,38.684785015000045],[1.381581460000064,38.68819590700008],[1.383440454000038,38.69075804400006],[1.388954977000026,38.698358374000065],[1.380950843000051,38.71914721100006],[1.386993162000067,38.724481737000076],[1.395933868000043,38.73237513600003],[1.401180227000054,38.728036692000046],[1.407258399000057,38.723010387000045],[1.416642874000047,38.72327044800005],[1.416076255000064,38.728312956000025],[1.415489388000026,38.733535654000036],[1.422921799000051,38.736204763000046],[1.426747300000045,38.73757856800006],[1.431218394000041,38.74576939900004],[1.436037053000064,38.75459695300003],[1.439631427000052,38.747810093000055],[1.447642936000022,38.73268284300008],[1.45921181500006,38.72447220500004],[1.464550003000056,38.72410106600006],[1.470293570000024,38.72370174400004]]],[[[1.479271438000069,38.793461028000024],[1.479263173000049,38.79332177100008],[1.479022231000044,38.793354271000055],[1.477091568000048,38.79361469500003],[1.471494146000055,38.80076164400003],[1.475710952000043,38.802271423000036],[1.479682453000066,38.80038600800003],[1.479271438000069,38.793461028000024]]],[[[1.457913940000026,38.90290122600004],[1.456732135000038,38.90217462700008],[1.452799362000064,38.904691451000076],[1.453961314000026,38.905562545000066],[1.456973975000039,38.907821080000076],[1.459921364000024,38.90413543300008],[1.457913940000026,38.90290122600004]]],[[[1.435971868000024,38.769365641000036],[1.433442008000043,38.76683673800005],[1.43001309400006,38.77007923900004],[1.433897838000064,38.77318582300006],[1.435059465000052,38.77154783700007],[1.436343548000025,38.76973718000005],[1.435971868000024,38.769365641000036]]],[[[1.424291667000034,38.79530720400004],[1.431545379000056,38.779475957000045],[1.419869120000044,38.78105172200003],[1.415915570000038,38.78523558200004],[1.41710299500005,38.78984356800004],[1.41837055000002,38.794762509000066],[1.423732116000053,38.796528425000076],[1.424291667000034,38.79530720400004]]],[[[1.41215293800002,38.81894766500005],[1.412895101000061,38.81400628000006],[1.409303084000044,38.81401499200007],[1.407184231000031,38.81827971300004],[1.41215293800002,38.81894766500005]]],[[[1.248017679000043,41.10564344800008],[1.244725052000035,41.10107506400004],[1.240026963000048,41.10178734100003],[1.24472834900007,41.10612608000008],[1.248017679000043,41.10564344800008]]],[[[1.219861855000033,38.96809867600007],[1.217252796000025,38.96610252200003],[1.213844413000061,38.96799873500004],[1.213450390000048,38.96821794500005],[1.214925387000051,38.972439],[1.219571724000048,38.96835377000008],[1.219861855000033,38.96809867600007]]],[[[1.217307413000071,38.97792318900008],[1.212323301000026,38.97589077200007],[1.20405314900006,38.98322579100005],[1.207870351000054,38.99115154100008],[1.21276514300007,38.99363973800007],[1.212270637000074,38.984785962000046],[1.217307413000071,38.97792318900008]]],[[[1.212530833000073,38.868186190000074],[1.210646961000066,38.865810235000026],[1.20837242500005,38.86644056500006],[1.204660157000035,38.86746932700004],[1.208004765000055,38.87003071700008],[1.208990769000025,38.87078582500004],[1.212530833000073,38.868186190000074]]],[[[1.204616604000023,38.86809718300003],[1.199430523000046,38.86362544800005],[1.189938106000056,38.86611634800005],[1.197994079000068,38.870762882000065],[1.204616604000023,38.86809718300003]]],[[[1.201593722000041,38.95767007100005],[1.197665036000046,38.95605057800003],[1.192762851000055,38.95826426000008],[1.197964318000061,38.96059947100008],[1.201593722000041,38.95767007100005]]],[[[1.169423604000031,38.971875418000025],[1.167051884000045,38.96992194400008],[1.162251119000075,38.97152892200006],[1.163604048000025,38.97538084100006],[1.169423604000031,38.971875418000025]]],[[[0.709478218000072,40.58855972300006],[0.693945044000031,40.57207164000005],[0.668262410000068,40.561624632000076],[0.653929740000024,40.555794485000035],[0.65156307500007,40.55552205200007],[0.639337087000058,40.55411468600005],[0.635426323000047,40.553664507000065],[0.619685572000037,40.55532990100005],[0.616338011000039,40.55568407800007],[0.605643812000039,40.56141942200003],[0.602669860000049,40.56301436500007],[0.601069068000072,40.56521070000008],[0.594928853000056,40.57363526000006],[0.610703847000025,40.578002456000036],[0.611698366000041,40.57881559300006],[0.618314446000056,40.58422502500008],[0.630279977000043,40.58349072000004],[0.636579511000036,40.58310412800006],[0.663466867000068,40.591609962000064],[0.672445659000061,40.59167512500005],[0.712688336000042,40.591967184000055],[0.709478218000072,40.58855972300006]]],[[[0.690935315000047,39.90109005700003],[0.68921956600002,39.897607608000044],[0.683209040000065,39.89838017200003],[0.686311925000041,39.90181004100003],[0.690935315000047,39.90109005700003]]],[[[0.231546039000023,38.75341169100005],[0.226784748000057,38.752442848000044],[0.227839362000054,38.75749078400003],[0.231552364000038,38.758081583000035],[0.231546039000023,38.75341169100005]]],[[[-0.126688358999957,38.50221764400004],[-0.129036289999931,38.50031149000006],[-0.134835075999945,38.50168957300008],[-0.130896715999938,38.50514363000008],[-0.126688358999957,38.50221764400004]]],[[[-0.466550796999968,38.163555692000045],[-0.471086771999978,38.16208685600003],[-0.475872825999943,38.164464904000056],[-0.470416141999976,38.16634974400006],[-0.466550796999968,38.163555692000045]]],[[[-0.477785031999929,38.165654750000044],[-0.480841120999969,38.163291840000056],[-0.485321152999973,38.16655421400003],[-0.479526151999949,38.16857509700003],[-0.477785031999929,38.165654750000044]]],[[[-0.704845544999955,37.72818155400006],[-0.70677819499997,37.72491504800007],[-0.71084161899995,37.72638804500008],[-0.709010946999967,37.73097635700003],[-0.704845544999955,37.72818155400006]]],[[[-0.725741751999976,37.746869107000066],[-0.728266004999966,37.74533821000006],[-0.730181936999941,37.74642135600004],[-0.731263455999965,37.74703277900005],[-0.728553718999933,37.75185283600007],[-0.728110705999939,37.752640865000046],[-0.727802983999936,37.75189112600003],[-0.727747059999956,37.75175487300004],[-0.725741751999976,37.746869107000066]]],[[[-0.735618894999959,37.73862281500004],[-0.736152065999931,37.73695954400006],[-0.738037725999959,37.73819025700004],[-0.742358750999927,37.74101046100003],[-0.739838895999981,37.74588845400007],[-0.741741519999948,37.74875562100004],[-0.74394932499996,37.75208268100005],[-0.739638480999929,37.75310235400008],[-0.737242977999927,37.75140966200007],[-0.732576903999927,37.74811255600008],[-0.735618894999959,37.73862281500004]]],[[[-0.733867611999926,37.66117491600005],[-0.736364882999965,37.65765853800008],[-0.741284354999948,37.66132161500008],[-0.736000973999978,37.663091534000046],[-0.733867611999926,37.66117491600005]]],[[[-0.744387364999966,37.77948521700006],[-0.744543005999958,37.76622637500003],[-0.755746850999969,37.77513788300007],[-0.759019428999977,37.781855965000034],[-0.760442916999978,37.78477815800005],[-0.755974312999967,37.78330501900007],[-0.744387364999966,37.77948521700006]]],[[[-0.76522770899993,37.69211780200004],[-0.771202339999945,37.690110107000066],[-0.777245909999976,37.69636679600006],[-0.771508990999962,37.70302647700004],[-0.765521432999947,37.69716016000007],[-0.76522770899993,37.69211780200004]]],[[[-0.795246630999941,37.70041202400006],[-0.798981262999973,37.698456082000064],[-0.803850300999954,37.70070760700003],[-0.798393,37.70312555800007],[-0.795246630999941,37.70041202400006]]],[[[-2.426242250999962,35.183550285000024],[-2.427536781999947,35.179645194000045],[-2.431785988999934,35.18069371400003],[-2.432931116999953,35.18415218100006],[-2.426242250999962,35.183550285000024]]],[[[-2.438735909999934,35.17807307000004],[-2.440229236999926,35.17688099800006],[-2.444070082999929,35.178685478000034],[-2.441351853999947,35.18317855500004],[-2.439973238999926,35.18324332800006],[-2.438735909999934,35.17807307000004]]],[[[-2.680414552999935,43.422755548000055],[-2.682922121999979,43.422515969000074],[-2.687029627999948,43.42601840000003],[-2.68100282499995,43.42766876600007],[-2.680414552999935,43.422755548000055]]],[[[-2.923731223999937,35.291961816000025],[-2.928350567999928,35.28931877300005],[-2.931502640999952,35.29258044000005],[-2.927004659999966,35.29440354800005],[-2.923731223999937,35.291961816000025]]],[[[-2.929703441999948,35.271704476000025],[-2.949435280999978,35.26624666500004],[-2.967586141999959,35.282838679000065],[-2.966779150999969,35.28618521200008],[-2.966315461999955,35.28810809400005],[-2.967828041999951,35.289673753000045],[-2.969820497999933,35.291736128000025],[-2.96688540699995,35.302603763000036],[-2.960128251999947,35.31518301800003],[-2.952482233999945,35.31990132300007],[-2.946098933999963,35.31429909700006],[-2.945482495999954,35.30752620000004],[-2.932295653999972,35.29356603400004],[-2.935818074999929,35.29130747100004],[-2.936600813999974,35.28629838300003],[-2.93709492499994,35.28313634600005],[-2.929703441999948,35.271704476000025]]],[[[-3.032232196999928,43.345572520000076],[-3.035260984999979,43.34179394800003],[-3.040451753999946,43.34317542800005],[-3.035804804999941,43.346544196000025],[-3.032232196999928,43.345572520000076]]],[[[-3.032489474999977,35.93846657700004],[-3.036004232999971,35.93609432200003],[-3.040028253999935,35.93921210700006],[-3.034974837999926,35.941344651000065],[-3.032489474999977,35.93846657700004]]],[[[-3.727792885999975,43.471078445000046],[-3.729900952999969,43.46906858400007],[-3.732035442999972,43.47026925700004],[-3.73155720699998,43.47428180000003],[-3.728875002999928,43.47667689300005],[-3.727157163999948,43.474504187000036],[-3.727792885999975,43.471078445000046]]],[[[-4.805351721999955,43.43906059200003],[-4.806953080999961,43.43659017700003],[-4.812258705999966,43.43705877100007],[-4.809421597999972,43.441716435000046],[-4.805351721999955,43.43906059200003]]],[[[-5.348662529999956,35.90758357200008],[-5.336582084999975,35.895372991000045],[-5.329898329999935,35.89803358200004],[-5.32575049899998,35.89968470300005],[-5.315112858999953,35.89004360300004],[-5.304814373999932,35.892875537000066],[-5.302243174999944,35.893582579000054],[-5.300615472999937,35.896290219000036],[-5.297861246999958,35.90087180100005],[-5.291401638999957,35.90378320600007],[-5.287409393999951,35.905760583000074],[-5.279624826999964,35.900196711000035],[-5.279957535999927,35.894948025000076],[-5.305777921999947,35.88498147900003],[-5.319442015999925,35.88632030900004],[-5.328001594999932,35.87933999100005],[-5.337006038999959,35.87745192500006],[-5.338995853999961,35.877034698000045],[-5.344183880999935,35.871149659000025],[-5.35016842899995,35.87437592500004],[-5.355656458999931,35.87362974700005],[-5.371656937999944,35.88279018800006],[-5.377558083999929,35.905724107000026],[-5.382030037999925,35.91260328800007],[-5.37807825799996,35.91634251200003],[-5.36619785399995,35.91696062900007],[-5.360083919999965,35.913756686000056],[-5.348662529999956,35.90758357200008]]],[[[-5.416917034999926,35.91178102300006],[-5.41964364699993,35.91082213300007],[-5.421414874999925,35.91261699200004],[-5.420041899999944,35.915920440000036],[-5.416539827999941,35.91696161800007],[-5.416917034999926,35.91178102300006]]],[[[-5.60582510699993,36.00459959600005],[-5.609429758999966,35.99983315000003],[-5.614043546999937,36.002710627000056],[-5.609412304999978,36.00615557300006],[-5.60582510699993,36.00459959600005]]],[[[-6.031214870999975,43.58807279000007],[-6.033285959999944,43.587225584000066],[-6.037051352999981,43.58811050700007],[-6.032035898999936,43.59321784600007],[-6.030475244999934,43.589926829000035],[-6.031214870999975,43.58807279000007]]],[[[-6.260047360999977,36.49629549600007],[-6.265595496999936,36.48671408700005],[-6.290758452999967,36.52422732000008],[-6.305940076999946,36.52935531500003],[-6.310085534999928,36.53359255500004],[-6.304444109999963,36.53783553200003],[-6.288939440999968,36.54024792600006],[-6.29028126999998,36.53366777300005],[-6.279719799999953,36.529213550000065],[-6.269187906999946,36.51069767200005],[-6.261237212999959,36.503780479000056],[-6.260047360999977,36.49629549600007]]],[[[-6.270489581999925,36.53221159700007],[-6.274389244999952,36.531206990000044],[-6.278033057999949,36.53518059600003],[-6.273601579999934,36.536245773000076],[-6.270489581999925,36.53221159700007]]],[[[-6.470116724999968,36.73751720700005],[-6.468938868999942,36.73302406400006],[-6.473712194999962,36.73435015100006],[-6.476099792999946,36.737938435000046],[-6.470116724999968,36.73751720700005]]],[[[-7.487415466999948,43.729633541000055],[-7.491477307999958,43.72833400400003],[-7.494246695999948,43.73341442900005],[-7.488318325999956,43.732492078000064],[-7.487415466999948,43.729633541000055]]],[[[-7.627808594999976,43.759384874000034],[-7.63159638299993,43.75650955200007],[-7.635734618999948,43.759270024000045],[-7.630045830999961,43.76162265700003],[-7.627808594999976,43.759384874000034]]],[[[-7.831868443999952,43.70844033900005],[-7.835889372999929,43.70662236900006],[-7.840660814999978,43.709462544000075],[-7.835447544999965,43.71116003900005],[-7.831868443999952,43.70844033900005]]],[[[-8.231204415999969,43.47580786900005],[-8.233723597999926,43.47317600700006],[-8.238629135999929,43.47467711300004],[-8.237098539999977,43.475741636000066],[-8.234274229999926,43.47770593300004],[-8.230011029999957,43.47705463400007],[-8.231204415999969,43.47580786900005]]],[[[-8.704921982999963,42.411447603000056],[-8.707970651999972,42.40775042700005],[-8.713775588999965,42.41154424600006],[-8.709055528999954,42.41484269500006],[-8.704921982999963,42.411447603000056]]],[[[-8.77706858199997,42.620504175000065],[-8.786706515999981,42.61326334100005],[-8.793055152999955,42.61625210600005],[-8.78094155399998,42.62262285800006],[-8.77706858199997,42.620504175000065]]],[[[-8.82941954499995,43.356472309000026],[-8.82856050099997,43.35501964700006],[-8.832129217999977,43.35504964100005],[-8.844868944999973,43.35515671500008],[-8.848965117999967,43.358206179000035],[-8.851781868999979,43.36030315700003],[-8.842772626999931,43.36100325700005],[-8.832567904999962,43.36179625600005],[-8.82941954499995,43.356472309000026]]],[[[-8.832241010999951,42.49145406500003],[-8.83398236499994,42.48819152800007],[-8.839536571999929,42.48925586300004],[-8.835450958999957,42.49327958900005],[-8.832241010999951,42.49145406500003]]],[[[-8.849983574999953,42.48308392700005],[-8.85145158499995,42.48295714400007],[-8.853168628999981,42.48798241500003],[-8.851098913999977,42.49119708500007],[-8.845711979999976,42.49956404200003],[-8.842499074999978,42.49994881300006],[-8.841395499999976,42.49413906400008],[-8.84575783899993,42.48344887800005],[-8.849983574999953,42.48308392700005]]],[[[-8.846810818999927,42.465184425000075],[-8.851490087999935,42.462345578000054],[-8.853264326999977,42.466362917000026],[-8.849869830999978,42.46830188300004],[-8.846810818999927,42.465184425000075]]],[[[-8.852351451999937,42.14503009600003],[-8.857222543999967,42.14422913900006],[-8.859601058999942,42.14927831600005],[-8.85428152399993,42.148071336000044],[-8.852351451999937,42.14503009600003]]],[[[-8.858111392999945,42.466818800000055],[-8.85510067599995,42.46172601300003],[-8.858591287999957,42.46191993200006],[-8.85998707799996,42.46322352000004],[-8.86292177799993,42.46596436300007],[-8.858182532999933,42.46680616400005],[-8.858111392999945,42.466818800000055]]],[[[-8.877048972999944,42.572903874000076],[-8.870310293999978,42.56496820000007],[-8.862481192999951,42.56532015600004],[-8.856992786999967,42.565566887000045],[-8.857846135999978,42.56288141300007],[-8.860705263999932,42.553883787000075],[-8.860632601999953,42.55360920800007],[-8.858872327999961,42.54695739700003],[-8.864243065999972,42.54185612300006],[-8.865978567999946,42.54020769600004],[-8.866261085999952,42.53528689700005],[-8.866789040999947,42.52609115200005],[-8.871622428999956,42.52557038200007],[-8.87895926899995,42.53139032400003],[-8.877183827999943,42.53241662000005],[-8.873219353999957,42.53470828900004],[-8.87664390699996,42.539164794000044],[-8.878481299999976,42.54155586600007],[-8.875860822999925,42.548112565000054],[-8.87088635699996,42.560559183000066],[-8.87911989099996,42.559623301000045],[-8.881798057999958,42.55931888100008],[-8.889667216999953,42.56656174900007],[-8.888005126999929,42.567542005000064],[-8.881461826999953,42.57140106600008],[-8.87767122699995,42.573636659000044],[-8.877048972999944,42.572903874000076]]],[[[-8.862100881999936,42.14404241500006],[-8.866523205999954,42.14403638700003],[-8.868735895999976,42.14855256300007],[-8.86323023999995,42.14787914500005],[-8.862100881999936,42.14404241500006]]],[[[-8.892753502999938,42.19688907900007],[-8.890447696999956,42.192729178000036],[-8.899900350999928,42.19281726100007],[-8.908019478999961,42.19289291800004],[-8.912004182999965,42.204137478000064],[-8.912466975999962,42.20544344800004],[-8.908617711999966,42.20629172900004],[-8.904198544999929,42.20367250700008],[-8.896271145999947,42.19897397100004],[-8.892753502999938,42.19688907900007]]],[[[-8.897034807999944,42.54375720200005],[-8.89990011499998,42.53841972400005],[-8.904611142999954,42.539433978000034],[-8.900653526999974,42.54331540900006],[-8.897034807999944,42.54375720200005]]],[[[-8.900173589999952,42.217348455000035],[-8.913776975999951,42.21215220900007],[-8.91599482099997,42.21532358400003],[-8.909289416999968,42.21962452100007],[-8.907941643999948,42.22819583100005],[-8.906570229999943,42.23691748200008],[-8.916099188999965,42.24637726100008],[-8.916023501999973,42.248188937000066],[-8.915959223999948,42.24972753000003],[-8.904272241999934,42.24453634200006],[-8.903933795999933,42.243952860000036],[-8.899852961999954,42.23691748200008],[-8.899773596999978,42.23657349600006],[-8.89783158299997,42.22815639400005],[-8.901333467999962,42.223812157000054],[-8.900173589999952,42.217348455000035]]],[[[-8.911412685999949,42.544249483000044],[-8.91415362999993,42.542742469000075],[-8.919433442999946,42.54568011300006],[-8.915121480999971,42.547945613000024],[-8.911412685999949,42.544249483000044]]],[[[-8.93745483899994,42.357394627000076],[-8.944787248999944,42.35578524500005],[-8.948700344999963,42.360655929000075],[-8.941104207999956,42.370521746000065],[-8.944434954999963,42.378780489000064],[-8.94225714299995,42.38410769500007],[-8.935730013999944,42.388759925000045],[-8.935102016999963,42.38999371600005],[-8.931410288999928,42.39724665500006],[-8.92313749899995,42.39618669300006],[-8.931504017999941,42.37351805700007],[-8.93745483899994,42.357394627000076]]],[[[-8.933983394999927,42.344335554000054],[-8.93719998299997,42.34343362800007],[-8.939825364999933,42.34813322900004],[-8.939494700999944,42.34820343500007],[-8.934796540999969,42.349200934000066],[-8.932636281999976,42.34471328200004],[-8.933983394999927,42.344335554000054]]],[[[-8.961327737999966,42.773409866000065],[-8.964697645999934,42.77212707700005],[-8.968652374999976,42.77579677400007],[-8.963298734999967,42.77717981200004],[-8.961327737999966,42.773409866000065]]],[[[-9.010520320999944,42.464326149000044],[-9.012354417999973,42.46358791700004],[-9.012641100999929,42.46381305400007],[-9.012695786999927,42.463856],[-9.01746856099993,42.46760414800008],[-9.018352902999936,42.46964816600007],[-9.020523296999954,42.474664690000054],[-9.019462158999943,42.47850620400004],[-9.01831380799996,42.48266344900003],[-9.01323107099995,42.48414407700005],[-9.012524346999953,42.483273032000056],[-9.007744387999935,42.477381680000065],[-9.000442799999973,42.46838239300007],[-9.001602868999953,42.46791546000003],[-9.010520320999944,42.464326149000044]]],[[[-9.002760303999935,42.50002902400007],[-9.001931179999929,42.49530493200007],[-9.005647472999954,42.49594734600004],[-9.007932529999948,42.50079575600006],[-9.002760303999935,42.50002902400007]]],[[[-9.045782172999964,42.511098342000025],[-9.048923083999966,42.50623810500008],[-9.052809065999952,42.509044079000034],[-9.048542923999946,42.512091256000076],[-9.045782172999964,42.511098342000025]]],[[[-13.463824801999976,29.12721890100005],[-13.462553525999965,29.115045775000056],[-13.453362440999967,29.103441503000056],[-13.449396458999956,29.098434224000073],[-13.448482639999952,29.089631345000043],[-13.451899282999932,29.081239526000047],[-13.458926657999939,29.06786424300003],[-13.465431085999967,29.055484290000038],[-13.465092530999982,29.052795325000034],[-13.46425461399997,29.04614017800003],[-13.46562443199997,29.043732531000046],[-13.467295282999942,29.040795780000053],[-13.468805764999956,29.034157013000026],[-13.466375682999967,29.02875829800007],[-13.46436274399997,29.02428631500004],[-13.466533436999953,29.017770683000037],[-13.474499865999974,29.014399178000076],[-13.47548851099998,29.013980769000057],[-13.47574076899997,29.012893130000066],[-13.47752139599993,29.00521574700008],[-13.487137803999929,28.99847537900007],[-13.487788559999956,28.99316931800007],[-13.495817329999966,28.992210458000045],[-13.495828815999971,28.99220908600006],[-13.515876082999966,28.981170662000068],[-13.518316658999936,28.977200539000023],[-13.519004002999964,28.976082425000072],[-13.521527481999954,28.975058511000043],[-13.538530441999967,28.96815947400006],[-13.540970584999968,28.96208748400005],[-13.54214123099996,28.95917447800008],[-13.557693849999964,28.95643910800004],[-13.58425794599998,28.95176705700004],[-13.597489052999947,28.94835631500007],[-13.604964614999972,28.942312628000025],[-13.60527888699994,28.94205855200005],[-13.614754,28.93237282800004],[-13.631608359999973,28.927037687000052],[-13.632776250999939,28.926667999000074],[-13.635694428999955,28.924695132000068],[-13.642872136999927,28.919842561000053],[-13.659112583999956,28.92046001600005],[-13.676773800999968,28.921131487000025],[-13.701047047999964,28.917730430000063],[-13.719959367999934,28.911659087000032],[-13.739634041999977,28.90363629500007],[-13.74690663299998,28.88391021900003],[-13.749934768999935,28.875696746000074],[-13.753676132999942,28.872786811000026],[-13.757760961999963,28.869609740000044],[-13.771102903999974,28.85686550500003],[-13.77214939299995,28.85488603400006],[-13.775938850999978,28.84771814100003],[-13.78716062999996,28.839834539000037],[-13.789834613999972,28.846574477000047],[-13.79169944399996,28.85127489200005],[-13.80103374099997,28.85852790200005],[-13.808946186999947,28.856511460000036],[-13.811101247999943,28.855962255000065],[-13.812620785999968,28.856600496000056],[-13.827052132999938,28.862661994000064],[-13.839030654999931,28.857240408000052],[-13.839746812999977,28.856916268000077],[-13.840725548999956,28.857281475000036],[-13.852999717999978,28.861861478000037],[-13.865704802999971,28.857886723000036],[-13.87231587599996,28.855818465000027],[-13.87683289499995,28.861141601000043],[-13.875172593999935,28.869609740000044],[-13.875325061999945,28.870104707000053],[-13.880669268999952,28.887454001000037],[-13.873062781999977,28.89392479000003],[-13.85893366099998,28.897125542000026],[-13.848492121999982,28.913950303000036],[-13.830308402999947,28.92857766800006],[-13.83204636399995,28.94815557100003],[-13.833822106999946,28.968159091000075],[-13.83064378599994,28.975464351000028],[-13.829956382999967,28.97704432200004],[-13.830446136999967,28.97931266300003],[-13.833116637999979,28.99168134200005],[-13.828974823999943,29.007959750000055],[-13.828933506999931,29.008122137000043],[-13.828517099999942,29.00975872400005],[-13.815218911999978,29.03265469400003],[-13.81273411899997,29.034232175000056],[-13.807583159999979,29.037502283000038],[-13.80374018699996,29.040795780000053],[-13.781783226999949,29.059761989000037],[-13.77871560899996,29.062411766000025],[-13.775778982999952,29.063295872000026],[-13.76300114299994,29.067142793000073],[-13.75729733299994,29.07417351500004],[-13.753968080999982,29.078277271000047],[-13.722924750999937,29.084587569000064],[-13.714923358999954,29.082659067000066],[-13.707157457999926,29.080787324000028],[-13.703179742999964,29.086609859000077],[-13.701403458999948,29.089209966000055],[-13.69859125599993,29.089944883000044],[-13.686434636999934,29.093121792000034],[-13.679932336999968,29.102721564000035],[-13.658169040999951,29.112955241000066],[-13.661313579999955,29.117039195000075],[-13.662066143999937,29.11801658400003],[-13.659859515999926,29.122093505000066],[-13.652160142999946,29.12264790300003],[-13.643179362999945,29.123702923000053],[-13.641449028999943,29.12085165600007],[-13.639340279999942,29.117376832000048],[-13.633293048999974,29.116583494000054],[-13.627003019999961,29.12190358400005],[-13.620383282999967,29.127502540000023],[-13.604159415999959,29.135198502000037],[-13.597139292999941,29.13572289500007],[-13.58438539499997,29.133120100000042],[-13.568458302999943,29.121634071000074],[-13.56312767999998,29.117789823000066],[-13.556988194999974,29.11647055800006],[-13.54123599299993,29.123137804000066],[-13.53045472499997,29.135709415000065],[-13.524058646999947,29.14637728300005],[-13.523585386999969,29.150270824000074],[-13.52140275499994,29.168227502000036],[-13.512624185999982,29.181675351000024],[-13.505276952999964,29.201228241000024],[-13.501325907999956,29.205456624000078],[-13.49770437099994,29.209332371000073],[-13.496518200999958,29.214180184000043],[-13.495646463999947,29.217742926000028],[-13.471410413999934,29.235956481000073],[-13.463617608999982,29.226931726000032],[-13.452837915999964,29.22482662300007],[-13.427122984999926,29.208733680000023],[-13.42481375799997,29.204935075000037],[-13.42419831799998,29.203922697000053],[-13.419753429999957,29.19661099900003],[-13.420787880999967,29.183522761000063],[-13.42879125199994,29.15675067600006],[-13.436043224999935,29.15237952800004],[-13.44617919999996,29.146270041000037],[-13.463824801999976,29.12721890100005]]],[[[-13.490355783999973,29.24395854000005],[-13.505644418999964,29.225545527000065],[-13.513874762999933,29.225761744000067],[-13.522182274999977,29.219535826000026],[-13.529285977999962,29.22020232500006],[-13.534770565999963,29.217239172000063],[-13.544562989999974,29.221045941000057],[-13.54842323899993,29.22591826200005],[-13.544662630999937,29.232475029000057],[-13.52736813599995,29.242641221000042],[-13.52645105299996,29.250380458000052],[-13.521768088999977,29.257372256000053],[-13.522069117999933,29.268809798000063],[-13.511377900999946,29.290356578000058],[-13.505534643999965,29.289649496000038],[-13.494509851999965,29.280150999000057],[-13.48191133399996,29.27877153600008],[-13.47422852099993,29.271506758000044],[-13.473549699999978,29.264027186000078],[-13.485247130999937,29.257785080000076],[-13.490355783999973,29.24395854000005]]],[[[-13.515338561999954,29.384530116000064],[-13.522504443999935,29.383422388000042],[-13.52933988999996,29.38626391300005],[-13.52973061399996,29.38733931400003],[-13.531038113999955,29.39093798700003],[-13.531008657999962,29.39622754100003],[-13.530993981999927,29.398863094000035],[-13.523092901999973,29.41048285000005],[-13.519795598999963,29.411571749000075],[-13.51008970099997,29.41477701900004],[-13.506849516999978,29.415847056000075],[-13.496797736999952,29.411970875000065],[-13.493027644999927,29.407688106000023],[-13.489795207999975,29.40401610400005],[-13.492564890999972,29.399078032000034],[-13.49490142999997,29.394912213000055],[-13.497575721999965,29.39343603100008],[-13.502101249999953,29.39093798700003],[-13.506742567999936,29.38585891500003],[-13.515338561999954,29.384530116000064]]],[[[-13.532564485999956,29.29116238900008],[-13.540987039999948,29.28894970500005],[-13.539449027999979,29.303982649000034],[-13.530638457999942,29.305520951000062],[-13.532564485999956,29.29116238900008]]],[[[-13.818144160999964,28.73747637400004],[-13.818659302999947,28.736843837000038],[-13.821103758999982,28.737718476000055],[-13.82896816799996,28.74053240300003],[-13.83254905299998,28.74648523600007],[-13.835632141999952,28.751610537000033],[-13.818312305999939,28.762644564000027],[-13.816754807999928,28.76363680700007],[-13.812996079999948,28.763384135000024],[-13.812232741999935,28.75909760600007],[-13.811567605999926,28.755362529000024],[-13.811418143999958,28.75452322500007],[-13.813688817999946,28.74294703700008],[-13.818144160999964,28.73747637400004]]],[[[-13.888399049999975,28.755806207000035],[-13.873334520999947,28.745625096000026],[-13.86656202499995,28.74422169500008],[-13.865006146999974,28.738120896000055],[-13.863636807999967,28.73275153800006],[-13.848054316999935,28.726850171000024],[-13.843328635999967,28.725060470000074],[-13.832507065999948,28.69607139900006],[-13.832536510999944,28.69375780400003],[-13.832844914999953,28.669525048000025],[-13.824046690999978,28.59648202300008],[-13.82370905099998,28.593678925000063],[-13.825406019999946,28.588403198000037],[-13.829313169999978,28.576256208000075],[-13.828941659999941,28.569054944000072],[-13.828708484999936,28.564535144000047],[-13.82603307599993,28.553690104000054],[-13.833289384999944,28.54526267800003],[-13.837576447999936,28.540283712000075],[-13.836004522999929,28.53040449300005],[-13.835342303999937,28.526242582000066],[-13.837500636999948,28.522217239000042],[-13.84278908799996,28.512354152000057],[-13.842853440999932,28.51179563000005],[-13.843702792999977,28.504424018000066],[-13.85125192399994,28.500914585000032],[-13.859774500999947,28.496952618000023],[-13.86716544099994,28.48096487600003],[-13.862240665999934,28.47049412000007],[-13.857090304999929,28.459543735000068],[-13.857373826999947,28.44531562700007],[-13.857375891999936,28.445212006000077],[-13.862029706999976,28.43892628800006],[-13.862088617999973,28.433238449000044],[-13.853095936999978,28.423184049000042],[-13.850657385999966,28.420457592000048],[-13.849027017999958,28.41080102600006],[-13.849994863999939,28.407140714000036],[-13.850191325999958,28.406397712000057],[-13.853541206999978,28.393728748000058],[-13.85656361499997,28.393296720000023],[-13.85921570599993,28.39291762700003],[-13.876163125999938,28.353001462000066],[-13.876530952999929,28.35213512100006],[-13.879429616999971,28.33908710700007],[-13.886668912999937,28.326139683000065],[-13.889677354999947,28.325217129000066],[-13.89447308399997,28.323746495000023],[-13.894329926999944,28.315651758000058],[-13.894311732999938,28.31462300100003],[-13.896409449999965,28.31137640000003],[-13.902454828999964,28.30202007300005],[-13.89988260499996,28.295113283000035],[-13.897986970999966,28.290023236000025],[-13.898608983999964,28.283113678000063],[-13.90227746499994,28.275720410000076],[-13.905086882999967,28.274768426000037],[-13.909948948999954,28.27312088900004],[-13.912992568999982,28.264145117000055],[-13.915114052999968,28.25788876400003],[-13.922948866999945,28.247462851000023],[-13.935798598999952,28.234646488000067],[-13.947937654999976,28.228579780000075],[-13.957629981999958,28.228535536000038],[-13.98529513699998,28.228409249000038],[-13.99802266599994,28.218388013000038],[-14.010072649999927,28.208900252000035],[-14.013678225999968,28.209590909000042],[-14.020256365999956,28.210850969000035],[-14.039683561999937,28.20368310400005],[-14.042574760999969,28.20261636600003],[-14.045013969999957,28.20247216000007],[-14.073863363999976,28.20076657800007],[-14.11123185799994,28.18903422300008],[-14.119125335999968,28.19132668800006],[-14.127512108999952,28.188797055000066],[-14.14283361899993,28.182666683000036],[-14.15191462699994,28.182308927000065],[-14.15838800499995,28.176873444000023],[-14.164804363999963,28.17525857700008],[-14.167604319999953,28.174553885000023],[-14.16795862899994,28.174542002000067],[-14.198488114999975,28.173518057000024],[-14.208932606999952,28.166222506000054],[-14.221534099999928,28.16347654200007],[-14.236368153999933,28.14494281900005],[-14.274069208999947,28.097838979000073],[-14.302309144999981,28.072789630000045],[-14.322060650999958,28.049680481000053],[-14.331962979999957,28.044392195000057],[-14.368028375999927,28.05361792900004],[-14.379044606999969,28.052263149000055],[-14.409633266999947,28.058654353000065],[-14.443392711999934,28.07017273100007],[-14.452389796999967,28.073242445000062],[-14.47677202799997,28.077446457000065],[-14.491036992999966,28.074429396000028],[-14.500102967999965,28.07251192900003],[-14.509314908999954,28.066931108000063],[-14.504246399999943,28.075127175000034],[-14.501502535999975,28.07956415800004],[-14.493105731999947,28.084751071000028],[-14.493530352999926,28.09559802800004],[-14.495689787999936,28.098094093000043],[-14.498366029999943,28.101187527000036],[-14.491317658999947,28.109627060000037],[-14.486349406999977,28.10545364400008],[-14.481199069999946,28.101127270000063],[-14.474991781999961,28.10396184800004],[-14.462585658999956,28.101963021000074],[-14.459075782999946,28.10339595100004],[-14.456179705999944,28.10457829300003],[-14.453433796999946,28.102970284000037],[-14.450460977999967,28.101229397000054],[-14.442559779999954,28.101224596000066],[-14.372792619999927,28.11706445300007],[-14.312410007999972,28.146035230000052],[-14.306154954999954,28.151665628000046],[-14.299164400999928,28.157958078000036],[-14.290150575999974,28.16416549300004],[-14.247310072999937,28.193667823000055],[-14.241231810999977,28.20153574400007],[-14.224849244999973,28.21340208400005],[-14.214926522999974,28.228505908000045],[-14.213662818999978,28.242547416000036],[-14.213256186999956,28.24706566100008],[-14.210593402999962,28.254787286000067],[-14.209118025999942,28.259065631000055],[-14.209718934999955,28.264082537000036],[-14.212654966999935,28.288595050000026],[-14.207734356999936,28.302197224000054],[-14.20893009699995,28.312251118000063],[-14.202782357999979,28.328747091000025],[-14.19682359799998,28.332942106000075],[-14.178859046999946,28.345589293000046],[-14.175046298999973,28.35213512100006],[-14.17114076699994,28.361660442000073],[-14.162496340999951,28.37107578100006],[-14.162418687999946,28.378617345000066],[-14.16230564999995,28.389595559000043],[-14.157914137999967,28.39384769700007],[-14.15647658499995,28.395239625000045],[-14.155572592999931,28.401764702000037],[-14.15506109699993,28.405456712000046],[-14.157879527999967,28.41098786300006],[-14.150127447999978,28.42224940400007],[-14.150389548999954,28.43000557000005],[-14.145756441999936,28.43862450000006],[-14.126880480999944,28.454291227000056],[-14.101048713999944,28.475731154000073],[-14.08980976099997,28.49481780600007],[-14.085770389999936,28.503728240000044],[-14.069360879999977,28.539925925000034],[-14.064653525999972,28.54398039000006],[-14.065281410999944,28.55214299200003],[-14.059396554999978,28.556085170000074],[-14.056412254999941,28.564773303000038],[-14.045379965999928,28.57664570000003],[-14.044527983999956,28.577562561000036],[-14.034260711999934,28.595608557000048],[-14.035903151999946,28.607214028000044],[-14.037377445999937,28.61763137400004],[-14.030169930999932,28.63237048700006],[-14.009837853999954,28.673948860000053],[-14.011801352999953,28.679646728000023],[-14.017597403999957,28.696466267000062],[-14.015445100999955,28.71470510200004],[-14.011750566999979,28.71367271300005],[-14.006991146999951,28.71234275300003],[-13.999761383999953,28.720432437000056],[-13.997686708999936,28.72275387800005],[-13.993749462999972,28.72382207000004],[-13.987565192999966,28.725499890000037],[-13.978922947999934,28.73202890700003],[-13.97866223699998,28.732225867000068],[-13.976975788999937,28.732524572000045],[-13.957553237999946,28.73596470900003],[-13.952825485999938,28.738672243000053],[-13.94377788199995,28.743853709000064],[-13.938889595999967,28.742219745000057],[-13.937785316999964,28.741850627000076],[-13.936544614999946,28.742816680000033],[-13.926893836999966,28.750331110000047],[-13.914643636999926,28.748391766000054],[-13.90909421699996,28.747513230000038],[-13.893418508999957,28.753794807000077],[-13.888399049999975,28.755806207000035]]],[[[-15.428768951999928,28.129099366000048],[-15.420140911999965,28.11782401800008],[-15.415062533999958,28.111187461000043],[-15.41173617499993,28.10041813400005],[-15.415358657999946,28.08037677200008],[-15.41872534099997,28.061750621000044],[-15.417467960999943,28.05935465600004],[-15.413973021999936,28.052694977000044],[-15.414005113999963,28.052437978000057],[-15.414721432999954,28.04670162800005],[-15.402861541999982,28.03789388900003],[-15.395407150999972,28.03235789200005],[-15.387838619999968,28.02690718300005],[-15.369685534999974,27.994142030000035],[-15.378032,27.979243051000026],[-15.381828699999971,27.97246569600003],[-15.380991585999936,27.965481814000043],[-15.380718014999957,27.963199470000063],[-15.379128053999978,27.949934730000052],[-15.37099608899996,27.942496746000074],[-15.359923609999953,27.932369189000042],[-15.363311789999955,27.930665332000046],[-15.372904963999929,27.934037098000033],[-15.373622173999934,27.934289181000054],[-15.382511103999946,27.929456508000044],[-15.383686642999976,27.921398158000045],[-15.386477657999933,27.902265689000046],[-15.390948553999976,27.893443669000078],[-15.393221094999944,27.888959467000063],[-15.390055704999952,27.880888596000034],[-15.388951702999975,27.880092002000026],[-15.381991065999955,27.875069546000077],[-15.386029887999939,27.868647262000025],[-15.386135200999945,27.857691919000047],[-15.396901889999981,27.855330303000073],[-15.397510046999969,27.85519690600006],[-15.398378418999982,27.854340429000047],[-15.40445959899995,27.84834255000004],[-15.408312085999967,27.84768084600006],[-15.40951326399994,27.847474531000046],[-15.41451726899993,27.844927813000027],[-15.421387997999943,27.83176425000005],[-15.421375034999926,27.830041692000066],[-15.42126322799993,27.81518479400006],[-15.428133972999944,27.805199197000036],[-15.441529228999968,27.800003900000036],[-15.454815437999969,27.797918761000062],[-15.489795654999966,27.792428963000077],[-15.502871544999948,27.78427434400004],[-15.50784374999995,27.781173487000046],[-15.51676828799998,27.78032868400004],[-15.521597074999931,27.77987158800005],[-15.52409433899993,27.778074872000047],[-15.53426164299998,27.770759759000043],[-15.555357995999941,27.76291471500008],[-15.562421924999967,27.76028787100006],[-15.566419279999934,27.754686986000024],[-15.56695532599997,27.751981412000077],[-15.569500288999961,27.73913626600006],[-15.578719229999933,27.734692533000043],[-15.599952771999938,27.735327385000062],[-15.609272760999943,27.741430982000054],[-15.61962148699996,27.74820829300006],[-15.630153070999938,27.745589920000043],[-15.657087171999933,27.75635033800006],[-15.667519593999941,27.75519932000003],[-15.670215394999957,27.752635530000077],[-15.673163973999976,27.74983134000007],[-15.67974748399996,27.755678285000045],[-15.682843531999936,27.760057507000056],[-15.69040900799996,27.770758542000067],[-15.698279943999978,27.771387189000052],[-15.699563960999967,27.771489744000064],[-15.703124870999943,27.774943163000046],[-15.71340730299994,27.784915210000065],[-15.71737907599993,27.785405155000035],[-15.720798901999956,27.785827014000063],[-15.724518004999936,27.790644830000076],[-15.729224784999928,27.796742108000046],[-15.73560503699997,27.798782248000066],[-15.739745268999968,27.800106123000035],[-15.74638723399994,27.806695931000036],[-15.75400994599994,27.81425878500005],[-15.759471460999976,27.816299207000043],[-15.771931007999967,27.820954096000037],[-15.788000334999936,27.835622458000046],[-15.795129977999977,27.850554859000056],[-15.79914653399993,27.858967179000047],[-15.81741336899995,27.892174279000074],[-15.824702783999953,27.90159802900007],[-15.833369346999973,27.912802157000044],[-15.831330998999931,27.925766215000067],[-15.828191301999937,27.94573494000008],[-15.83334521699993,27.967987020000066],[-15.83410577799998,27.971270751000077],[-15.831385014999967,27.976648940000075],[-15.821248220999962,27.996686553000075],[-15.818095039999946,28.005011465000052],[-15.819120544999976,28.007789958000046],[-15.821296421999932,28.01368525500004],[-15.810759694999945,28.015405505000047],[-15.796990954999956,28.017653420000045],[-15.782248711999955,28.024189937000074],[-15.772488446999944,28.03224362800006],[-15.771643013999949,28.033861108000053],[-15.765565643999935,28.045488313000078],[-15.752269457999944,28.04914431900005],[-15.745962592999945,28.050878496000053],[-15.738240539999936,28.055245747000072],[-15.73400061999996,28.06324883800005],[-15.72177574799997,28.070121055000072],[-15.71340730299994,28.08031425300004],[-15.707691071999932,28.092812241000047],[-15.710563502999946,28.100691562000065],[-15.711881025999958,28.104305638000028],[-15.708742511999958,28.107187079000028],[-15.70667991099998,28.10908073400003],[-15.704851854999959,28.117673741000033],[-15.705569002999937,28.11850706200005],[-15.70811606899997,28.121466742000052],[-15.702370196999937,28.12991727800005],[-15.699934698999982,28.133499199000028],[-15.701937764999968,28.140040557000077],[-15.702884723999944,28.143133014000057],[-15.70220558899996,28.144079302000023],[-15.697171302999948,28.151093931000048],[-15.702976921999948,28.15571088400003],[-15.706697258999952,28.158669506000024],[-15.708457468999939,28.16501955700005],[-15.697348254999952,28.16397169100003],[-15.683965187999945,28.170020556000054],[-15.679803510999932,28.162528632000033],[-15.672658644999956,28.160372881000058],[-15.667273370999965,28.158748036000077],[-15.663699003999966,28.16050777600003],[-15.654871434999961,28.16485378400006],[-15.648329732999969,28.164650066000036],[-15.648327197999947,28.164649988000065],[-15.648324139999943,28.16465157400006],[-15.636589628999957,28.170738581000023],[-15.630064351999977,28.167528082000047],[-15.624428715999954,28.16102987900007],[-15.612986104999948,28.147835910000026],[-15.600355002999947,28.14491139100005],[-15.593650257999968,28.14614829800007],[-15.588684009999952,28.147064484000055],[-15.58739285699994,28.146704967000062],[-15.577284869999971,28.143890432000035],[-15.559577161999982,28.146707418000062],[-15.544297468999957,28.147220694000055],[-15.534898225999939,28.151374975000067],[-15.52753449499994,28.154629601000067],[-15.518786711999951,28.14873713000003],[-15.517306795999957,28.14774026500004],[-15.514853795999954,28.14719247100004],[-15.49250649399994,28.14220195000007],[-15.48486629499996,28.13541482000005],[-15.48460972099997,28.135186893000025],[-15.48435176099997,28.13521273500004],[-15.478509105999933,28.135798048000026],[-15.472370852999973,28.130507210000076],[-15.467393265999931,28.126216803000034],[-15.445350793999978,28.131751501000053],[-15.432161168999926,28.145987329000036],[-15.433382515999938,28.156374224000047],[-15.434766430999957,28.15760849800006],[-15.440848917999972,28.163033291000033],[-15.439175840999951,28.168596898000033],[-15.421340860999976,28.18017918000004],[-15.40544281299998,28.17472308600003],[-15.405312949999939,28.163179108000065],[-15.411357318999933,28.150865741000075],[-15.417055201999972,28.14704435400006],[-15.418493842999965,28.146856248000063],[-15.427220765999948,28.14571518500003],[-15.428002865999929,28.13732133900004],[-15.428032047999977,28.137008146000028],[-15.428768951999928,28.129099366000048]]],[[[-16.127627777999976,28.57123572000006],[-16.120794417999946,28.556481016000077],[-16.126633638999976,28.547344612000074],[-16.127371752999977,28.546189714000036],[-16.128970553999977,28.537855035000064],[-16.12913882999993,28.53697779600003],[-16.126793196999927,28.532782884000028],[-16.13178709799996,28.533489013000064],[-16.13502596799998,28.533946984000067],[-16.13790230099994,28.530624733000025],[-16.145462604999977,28.521892353000055],[-16.154872513999976,28.52267610900003],[-16.15487523799993,28.522676337000064],[-16.166742773999943,28.518692833000046],[-16.17503149399994,28.513233910000054],[-16.17894124099996,28.510658964000072],[-16.181336404999968,28.510280773000034],[-16.185893087999943,28.50956128300004],[-16.188660648999928,28.506850194000037],[-16.19680061899993,28.498876319000033],[-16.22702126599995,28.48888258900007],[-16.23634619099994,28.48579890900004],[-16.244908342999963,28.474339420000035],[-16.247359097999947,28.46428407600007],[-16.249374934999935,28.45601318200005],[-16.255681607999975,28.453487507000034],[-16.26844861099994,28.448374622000074],[-16.27733404299994,28.437769824000043],[-16.280231215999947,28.43431203600005],[-16.290555557999937,28.427261867000027],[-16.307641788999945,28.409877359000063],[-16.320899622999946,28.401776711000025],[-16.327368890999935,28.401449108000065],[-16.331861862999972,28.40122158500003],[-16.33743439999995,28.396286142000065],[-16.359641220999947,28.378968908000047],[-16.36940326599995,28.35213512100006],[-16.366399437999974,28.339669921000052],[-16.366132859999936,28.338937507000026],[-16.36295329999996,28.330201786000032],[-16.359997634999957,28.318624124000053],[-16.36254575099997,28.304735196000024],[-16.368113689999973,28.29934924500003],[-16.376267629999973,28.291461816000037],[-16.383136415999957,28.284817536000048],[-16.38771216799995,28.265732768000078],[-16.388159513999938,28.26386695700006],[-16.394779653999933,28.253610196000068],[-16.407495380999933,28.233909377000032],[-16.40857576899998,28.229946279000046],[-16.409938463999936,28.224947615000076],[-16.418167186999938,28.213494506000075],[-16.423985218999974,28.205396707000034],[-16.423580645999948,28.19669808900005],[-16.42343901199996,28.193652840000027],[-16.42429012499997,28.191970644000037],[-16.42815758499995,28.184326745000078],[-16.427210144999947,28.17251378800006],[-16.426945775999968,28.16921755800007],[-16.428000804999954,28.167245415000025],[-16.432932255999958,28.158027163000042],[-16.43011009099996,28.153190688000052],[-16.427432574999955,28.148602105000066],[-16.434630994999964,28.14443667300003],[-16.44150817299993,28.14045713200005],[-16.451001411999982,28.128137149000054],[-16.46250689799996,28.12023099700008],[-16.463148045999958,28.11528430100003],[-16.463433669999972,28.11308060300007],[-16.467423510999936,28.11091358500005],[-16.471071235999943,28.108932381000045],[-16.478084465999927,28.100015118000044],[-16.48082020399994,28.096536650000075],[-16.48333955199996,28.09464295600003],[-16.489805529999956,28.089782736000075],[-16.49069954099997,28.087118996000072],[-16.493246977999945,28.07952881400007],[-16.500369313999954,28.07723379400005],[-16.50351157999995,28.07622126600006],[-16.50594483599997,28.071534058000054],[-16.508178148999946,28.067232001000036],[-16.514081464999947,28.063216155000077],[-16.520616089999976,28.05877084900004],[-16.52334240099998,28.053748898000038],[-16.524202654999954,28.052164283000025],[-16.525973973999953,28.05105869700003],[-16.54094076599995,28.04171702900004],[-16.540839541999958,28.03586194500008],[-16.540757824999957,28.031135221000056],[-16.54491586399996,28.02664422500004],[-16.549391716999935,28.02565667400006],[-16.55341720299998,28.028100030000076],[-16.558414487999983,28.031133241000077],[-16.59762727499998,28.027754005000077],[-16.624631670999975,28.018015872000035],[-16.630486530999974,28.011978385000077],[-16.63228513499996,28.01012367900006],[-16.63612362599997,28.00939523900007],[-16.638414584999964,28.008960476000027],[-16.639974421999966,28.007630645000063],[-16.644272066999974,28.00396671200008],[-16.649572812999963,28.005190619000075],[-16.663486284999976,28.008403147000024],[-16.677065610999932,28.000868892000028],[-16.68175952599995,27.99826455400006],[-16.70295249199995,28.005526141000075],[-16.707236008999928,28.010738340000046],[-16.706224798999926,28.02264688200006],[-16.705789547999927,28.027772627000047],[-16.712433833999967,28.046368828000027],[-16.72376122999998,28.05031447700003],[-16.736199494999937,28.054647072000023],[-16.73467362399998,28.060823025000047],[-16.733352684999943,28.06616951700005],[-16.738362964999965,28.08739952700006],[-16.747786296999948,28.094060668000054],[-16.757981172999962,28.10126719400006],[-16.76009547299998,28.105127065000033],[-16.762584483999944,28.109671011000046],[-16.76779856099995,28.112052422000033],[-16.77340655699993,28.114613749000057],[-16.802011737999976,28.15651506300003],[-16.803747765999958,28.160028645000068],[-16.80547317399993,28.16352073300004],[-16.804845499999942,28.169932636000055],[-16.81253595499993,28.178986292000047],[-16.818163509999977,28.181389386000035],[-16.819885960999954,28.182124912000063],[-16.82766645299995,28.195470511000053],[-16.830883769999957,28.20098906000004],[-16.834062527999947,28.20495595400007],[-16.836331320999932,28.20778726800006],[-16.84016392999996,28.226936659000046],[-16.844948246999934,28.239270134000037],[-16.840416811999944,28.251965754000025],[-16.838516176999974,28.25729072000007],[-16.841086633999964,28.263191818000053],[-16.844877589999953,28.265371884000047],[-16.849514700999976,28.26803854700006],[-16.852621081999928,28.27314679500006],[-16.85945365499998,28.27550536600006],[-16.861738271999968,28.284028716000023],[-16.862767292999933,28.28786774300005],[-16.87186233099993,28.298736848000033],[-16.87807905799997,28.302110269000025],[-16.879629010999963,28.30295133000004],[-16.879885077999973,28.304108683000038],[-16.88189148899994,28.31317710500008],[-16.893468393999967,28.321517544000073],[-16.898085356999957,28.332004880000056],[-16.910959786999967,28.338493750000055],[-16.920555304999937,28.34333000600003],[-16.923445181999966,28.35213512100006],[-16.91500362399995,28.361425207000025],[-16.903613348999954,28.364958927000032],[-16.895479939999973,28.364278463000062],[-16.893740643999934,28.364132948000076],[-16.861616110999933,28.376179281000077],[-16.85859652099998,28.379680240000027],[-16.856540176999943,28.381303562000028],[-16.849032197999975,28.38723052100005],[-16.829803482999978,28.39233990300005],[-16.816485541999953,28.38229316500008],[-16.81033998199996,28.377657102000057],[-16.805536984999947,28.377640340000028],[-16.79770046899995,28.377612990000046],[-16.795238806999976,28.376157480000074],[-16.793016318999946,28.374843386000066],[-16.772758454999973,28.374930062000033],[-16.76328098999994,28.374970612000027],[-16.760668846999977,28.37426997400007],[-16.751009195999927,28.371679029000063],[-16.745070661999932,28.37590324100006],[-16.738733654999976,28.380410896000058],[-16.732868723999957,28.381439491000037],[-16.73138000199998,28.38019735100005],[-16.727626955999938,28.377065937000054],[-16.72227941799997,28.383051772000044],[-16.718737741999973,28.38701619400007],[-16.713296474999936,28.385869296000067],[-16.70387906999997,28.383884316000035],[-16.69610165699993,28.387745882000047],[-16.69480406399998,28.39166948700006],[-16.69404613699993,28.39396127200007],[-16.69052418499996,28.393011883000042],[-16.684181292999938,28.39130207000005],[-16.67771169899993,28.393161060000068],[-16.675725774999933,28.397653442000035],[-16.67462111499998,28.400152304000073],[-16.660487512999964,28.400217448000035],[-16.658106251999982,28.398867507000034],[-16.652499688999967,28.395689137000033],[-16.644178143999966,28.397975744000064],[-16.643699623999964,28.39810723200003],[-16.64324003799993,28.39791568000004],[-16.636035860999982,28.394913040000063],[-16.624347349999937,28.396098981000023],[-16.60322089699997,28.394712127000048],[-16.60217039799994,28.395649456000058],[-16.59759588999998,28.39973115500004],[-16.593894099999943,28.39934460300003],[-16.588172698999927,28.39874715600007],[-16.570697842999948,28.408293994000076],[-16.56131950599996,28.413888291000035],[-16.55370985099995,28.418427545000043],[-16.543174742999952,28.41813724600007],[-16.523308118999978,28.417589812000074],[-16.503181164999944,28.425138331000028],[-16.501265503999946,28.42879809300007],[-16.495924418999948,28.43900193500008],[-16.487697496999942,28.437740553000026],[-16.483503423999935,28.43953220800006],[-16.474794676999977,28.443252474000076],[-16.47129627499993,28.44835482700006],[-16.47156672699998,28.44915865400003],[-16.47331603999993,28.454357886000025],[-16.46543387899993,28.45911895300003],[-16.46098608099993,28.459375398000077],[-16.45794508199998,28.459550730000046],[-16.45635750899993,28.463844778000066],[-16.45554952499998,28.46603020300006],[-16.455411718999926,28.46919299800004],[-16.451001411999982,28.473214902000052],[-16.44328102299994,28.480255379000027],[-16.433965230999945,28.48546691300004],[-16.430599747999963,28.487349665000067],[-16.427723682999954,28.495888962000038],[-16.42041717899997,28.517582635000053],[-16.410894479999968,28.527410494000037],[-16.384598048999976,28.545995833000063],[-16.379120237999928,28.546088110000028],[-16.376267629999973,28.546136164000075],[-16.36524767399993,28.54632180400006],[-16.344989380999948,28.555951707000077],[-16.344575505999956,28.556148445000076],[-16.34411902399995,28.556203234000066],[-16.335451629999966,28.557243544000073],[-16.33420174799994,28.563144615000056],[-16.332393416999935,28.571682292000048],[-16.326100639999936,28.57733697200007],[-16.32004732799993,28.57768159300008],[-16.31715547899995,28.574390721000043],[-16.314778735999937,28.57168603100007],[-16.30740134399997,28.57332333900007],[-16.299245562999943,28.569800006000037],[-16.290555557999937,28.570466968000062],[-16.288721685999974,28.57215154000005],[-16.28489552999997,28.575666196000043],[-16.27447895499995,28.57226953600008],[-16.271005437999975,28.57617065000005],[-16.25683726999995,28.57054011400004],[-16.243002029999957,28.571194023000032],[-16.23040954299995,28.567559415000062],[-16.223939298999937,28.56569188800006],[-16.19289993999996,28.573883753000075],[-16.180437364999932,28.580099009000037],[-16.17236076699993,28.584126919000028],[-16.15781758399993,28.58806382800003],[-16.13650459799993,28.58230896200007],[-16.13435965399998,28.576591527000062],[-16.13361473699996,28.574605922000046],[-16.13285782099996,28.57417983600004],[-16.127627777999976,28.57123572000006]]],[[[-16.15773538899998,28.594457744000067],[-16.158586641999932,28.589513244000045],[-16.16363087299993,28.591952176000063],[-16.160886672999936,28.595379706000074],[-16.15773538899998,28.594457744000067]]],[[[-16.759774215999983,28.380360652000036],[-16.761277193999945,28.376667989000055],[-16.76612347799994,28.37877222900005],[-16.76287895699994,28.382622105000053],[-16.759774215999983,28.380360652000036]]],[[[-17.25072628199996,28.205055075000075],[-17.242415669999957,28.201988115000063],[-17.239872272999946,28.202662948000068],[-17.234815684999944,28.20400459900003],[-17.232174916999952,28.201696463000076],[-17.23206055299994,28.201596505000055],[-17.23133184099993,28.201590606000025],[-17.21103675699993,28.201426326000046],[-17.207054063999976,28.198542274000033],[-17.20661873699993,28.19822703500006],[-17.206000875999962,28.19841003600004],[-17.200775687999965,28.19995766200003],[-17.194553119999966,28.19757061400003],[-17.191509724999946,28.19408553200003],[-17.18557224799997,28.18728635000008],[-17.18433076399998,28.18144230300004],[-17.176988192999943,28.17792425600004],[-17.16803245899996,28.179416106000076],[-17.16780846499995,28.179453419000026],[-17.167665643999953,28.17918690700003],[-17.16414326299997,28.172613944000034],[-17.156452934999948,28.171722293000073],[-17.156360065999934,28.168558845000064],[-17.148255251999956,28.162451003000058],[-17.138479150999956,28.15984880600007],[-17.12927926699996,28.15520174200003],[-17.121783663999963,28.151415550000024],[-17.11174614999993,28.142033722000065],[-17.111997019999933,28.13611018100005],[-17.112132163999945,28.132919170000037],[-17.10822565099994,28.130442293000044],[-17.103997101999937,28.127761234000047],[-17.103969021999944,28.114301536000028],[-17.103947792999975,28.104126008000037],[-17.102393845999927,28.10135408800005],[-17.099495567999952,28.09618415700004],[-17.112089777999927,28.086361624000062],[-17.121783663999963,28.072481666000044],[-17.12893558999997,28.071816900000044],[-17.138362920999953,28.065924705000043],[-17.14386725299994,28.060689343000035],[-17.14537992399994,28.05467574000005],[-17.153569509999954,28.052841159000025],[-17.16802368599997,28.040761117000045],[-17.169289354999933,28.035756199000048],[-17.17494023699993,28.03727125300003],[-17.17783258099996,28.038046717000043],[-17.18240306299998,28.03376260600004],[-17.186740897999982,28.02969656500005],[-17.192587686999957,28.028974307000055],[-17.194804886999975,28.02870041400007],[-17.197614748999968,28.026610834000053],[-17.201119937999977,28.024004167000044],[-17.205425145999982,28.024953080000046],[-17.21416976599994,28.02688048400006],[-17.22949682099994,28.026163869000072],[-17.240252063999947,28.02246658200005],[-17.245857171999944,28.020539737000036],[-17.251390371999946,28.023786577000067],[-17.255205527999976,28.026025281000045],[-17.26257702299995,28.026186394000035],[-17.27131366699996,28.026377344000025],[-17.27275396999994,28.03004654700004],[-17.275099703999956,28.036022353000078],[-17.28581638399993,28.038168992000067],[-17.289654879999944,28.038937875000045],[-17.29048435699997,28.04107162300005],[-17.292252701999928,28.045620519000067],[-17.296682181999927,28.047514140000033],[-17.30713633499994,28.051426125000035],[-17.31110339199995,28.05291061300005],[-17.31928741699994,28.05981796100008],[-17.319762325999932,28.06348857100005],[-17.32136833499993,28.075901532000046],[-17.330820089999975,28.082155470000032],[-17.33703935899996,28.08528687100005],[-17.33927641599996,28.086413230000062],[-17.347974827999963,28.09908407000006],[-17.348354487999927,28.099637115000064],[-17.348323927999957,28.10060289300003],[-17.347753544999932,28.118628406000028],[-17.346568369999943,28.121316593000074],[-17.342143052999972,28.131354],[-17.344793506999963,28.142258084000048],[-17.346071068999947,28.147514030000025],[-17.342231596999966,28.15484568200003],[-17.340928050999935,28.15661378300007],[-17.33553137399997,28.163933718000067],[-17.336263293999934,28.168558845000064],[-17.33626234999997,28.168574668000076],[-17.33588093999998,28.174968096000043],[-17.329942539999934,28.182518178000066],[-17.32226714999996,28.192276668000034],[-17.322129659999973,28.193541114000027],[-17.32156077099995,28.19877299700005],[-17.31689517199993,28.204459547000056],[-17.310153815999968,28.20410847000005],[-17.30711880599995,28.20395041200004],[-17.282366082999943,28.211828108000077],[-17.28041250499996,28.21366550500005],[-17.276388750999956,28.21744996500007],[-17.26343927399995,28.218071133000024],[-17.25513711399998,28.209571057000062],[-17.25072628199996,28.205055075000075]]],[[[-17.90409651999994,28.84823281100006],[-17.89393737599994,28.842068871000038],[-17.88584825099997,28.842552157000057],[-17.881940782999948,28.839144670000053],[-17.87169255699996,28.836684903000048],[-17.85727310799996,28.833223966000048],[-17.848127293999937,28.835170790000063],[-17.833782176999932,28.837915730000077],[-17.808699739999952,28.842715258000055],[-17.800341696999965,28.842906588000062],[-17.78891449599996,28.843168176000063],[-17.77873546899997,28.83908247100004],[-17.770518809999942,28.818944789000057],[-17.760674499999936,28.80569466600008],[-17.75813094399996,28.78877419500003],[-17.753526353999973,28.782750804000045],[-17.750348824999946,28.772540200000037],[-17.742580963999956,28.76200541600008],[-17.734911607999948,28.75741491200006],[-17.729348046999974,28.744643890000077],[-17.72466117299996,28.740983632000052],[-17.73444873099993,28.71914813500007],[-17.752267763999953,28.705136890000063],[-17.758469701999957,28.697245216000056],[-17.76037864899996,28.686618993000025],[-17.77027708099996,28.676039050000043],[-17.766281058999937,28.664520356000025],[-17.75754830099993,28.650742172000037],[-17.753311094999958,28.630847888000062],[-17.75039726899996,28.620929913000055],[-17.755464780999944,28.611945820000074],[-17.75494256099995,28.59253237000007],[-17.76048065799995,28.58130186300008],[-17.76082439299995,28.569770394000045],[-17.787007803999927,28.542521833000023],[-17.79672444099998,28.51813965900004],[-17.800341696999965,28.514055795000047],[-17.81763802599994,28.494528323000054],[-17.827382237999927,28.471435905000078],[-17.833136165999974,28.457799902000033],[-17.841966514999967,28.45341864200003],[-17.85552424599996,28.459434260000023],[-17.86793525099995,28.472036811000066],[-17.86951666699997,28.484194564000063],[-17.87169255699996,28.489395814000034],[-17.87700019099998,28.502083190000064],[-17.875622532999955,28.515335450000066],[-17.875615016999973,28.515407749000076],[-17.88032301499993,28.538857781000047],[-17.889522727999974,28.551853039000036],[-17.90032765999996,28.571229079000034],[-17.905860511999947,28.574510829000076],[-17.910869120999962,28.58576320000003],[-17.918569530999946,28.592230811000036],[-17.920895429999973,28.593541603000062],[-17.924935249999976,28.59581829900003],[-17.925018717999933,28.600387581000064],[-17.925278026999933,28.614583013000072],[-17.946559289999982,28.650742172000037],[-17.950124926999933,28.652536836000024],[-17.950447157999974,28.65290303200004],[-17.963274069999954,28.667480030000036],[-17.965462140999932,28.68391235000007],[-17.965563593999946,28.684674259000076],[-17.97533270599996,28.711357324000062],[-17.98032679099998,28.717591345000073],[-17.981933856999945,28.727114202000053],[-17.992521935999946,28.739796915000056],[-17.99285703299995,28.740198304000046],[-18.00620405199993,28.755742987000076],[-18.006923581999956,28.775559544000032],[-18.00347383199994,28.78592966100007],[-17.994740888999956,28.795376516000033],[-17.988542465999956,28.79610656400007],[-17.98434317699997,28.799684066000054],[-17.980152991999944,28.803253810000058],[-17.97909058999994,28.807021616000043],[-17.978049356999975,28.81071434900008],[-17.97599021999997,28.81135264900007],[-17.97533270599996,28.81155646800005],[-17.97322311299996,28.815218134000077],[-17.96684179199997,28.826294328000074],[-17.964511156999947,28.82727219700007],[-17.95677580299997,28.83051773300008],[-17.95332947399993,28.83400449800007],[-17.94780649699993,28.839592278000055],[-17.94002403099995,28.842015479000054],[-17.930288249999933,28.84504687900005],[-17.92587043499998,28.850537119000023],[-17.921969289999936,28.855385268000077],[-17.91392897199995,28.857482623000067],[-17.906297089999953,28.854517397000052],[-17.904330768999955,28.848901803000047],[-17.90409651999994,28.84823281100006]]],[[[-17.907330258999934,27.84291343800004],[-17.895198836999953,27.831861051000033],[-17.892749048999974,27.82268179600004],[-17.88388211499995,27.81221897300003],[-17.88499101399998,27.802019192000046],[-17.90341996799998,27.784692333000066],[-17.91326050799995,27.770858628000042],[-17.91184366999994,27.76506171500006],[-17.92503135299995,27.744165371000065],[-17.92840039099997,27.73184938000003],[-17.933628966999947,27.72849457600006],[-17.948050385999977,27.72869962900006],[-17.956942255999934,27.72021681900003],[-17.960365544999945,27.692123579000054],[-17.965714720999927,27.68680851700003],[-17.971771520999937,27.672447153000064],[-17.97157645699997,27.648127077000026],[-17.97803625299997,27.641055264000045],[-17.989142455999968,27.638458808000053],[-17.999321744999975,27.646279024000023],[-18.011349706999965,27.650960075000057],[-18.03020680999998,27.67953338700005],[-18.050716138999974,27.69262347700004],[-18.122621729999935,27.70434002500008],[-18.145679078999933,27.704095323000047],[-18.15835964799993,27.71290169400004],[-18.15996205299996,27.725135419000026],[-18.15269779299996,27.732216296000047],[-18.151747907999948,27.74632870100004],[-18.154321331999938,27.75238802100006],[-18.151141990999974,27.759561963000067],[-18.130492540999967,27.770863305000034],[-18.122584667999945,27.769331841000053],[-18.118238601999963,27.762640934000046],[-18.10739629099993,27.75777864300005],[-18.08086906899996,27.75337343700005],[-18.06895854499993,27.753679813000076],[-18.037660134999953,27.762400300000024],[-18.020207880999976,27.774874900000043],[-18.012473220999937,27.784304973000076],[-17.997625296999956,27.79156488600006],[-17.990326393999965,27.79850674200003],[-17.98714413099998,27.810203889000036],[-17.993190049999953,27.82217786800004],[-17.973465071999954,27.827297564000048],[-17.95817610499995,27.841125885000054],[-17.947232437999958,27.840974476000042],[-17.936044695999954,27.84808857200005],[-17.922512621999942,27.849164785000028],[-17.907330258999934,27.84291343800004]]]]}}]}